Workbook

Sheet Liste Projets
B2: Liste Référentielle des Projets - Indicateurs Physiques
B3: Identification | J3: Indicateurs Physiques
B4: N° | C4: Province | D4: Commune | E4: Rubrique | F4: Intitulé Rubrique | G4: Projet | H4: Consistance | I4: Coût Total (DH) | J4: Unité | K4: Qté Prévue
B5: 1 | C5: Sidi Kacem | D5: KHENICHET | E5: 50-23 | F5: Entretien et réparation du réseau d'assainissement et de drainage | G5: Travaux de curage des canaux en terre | H5: Curage des collecteurs d'assainissement du secteur EST2 | I5: 2091568 | J5: ml | K5: 1046
B6: 2 | C6: Sidi Kacem | D6: KHENICHET | E6: 40-21 | F6: Travaux de pistes | G6: Travaux de réhabilitation des pistes agricoles | H6: Entretien des pistes agricoles Douar Nouagra et Douar ouled Salem | I6: 78000 | J6: km | K6: 1
B7: 3 | C7: Sidi Kacem | D7: KHENICHET | E7: 50-23 | F7: Entretien et réparation du réseau d'assainissement et de drainage | G7: Curage des prises sur l’oued, bâche d’aspiration et bassin de régulation. | H7: Curage de la chambre des joints de démontage des siphonnes de la station de pompage EST2. | I7: 126000 | J7: ml | K7: 42
B8: 4 | C8: Sidi Kacem | D8: KHENICHET | E8: 50-21 | F8: Entretien et réparation des stations de pompage | G8: Prestation de maintenance des débitmètres et leurs équipements annexes installés au niveau des station de pompage | H8: Changement trois débitmètre Ø 600mm inondés de la station de pompage EST 2 et deux capteurs VEGASON 62 | I8: 165500 | J8: U | K8: 3
B9: 5 | C9: Sidi Kacem | D9: BIR TALEB | E9: 50-23 | F9: Entretien et réparation du réseau d'assainissement et de drainage | G9: Travaux de curage des canaux en terre | H9: Curage du canal d'assainisement Tihli Aval | I9: 1000000 | J9: ml | K9: 500
B10: 6 | C10: Sidi Kacem | D10: BIR TALEB | E10: 50-23 | F10: Entretien et réparation du réseau d'assainissement et de drainage | H10: Curage des collecteurs d'assainissement du secteur P11/1 | I10: 846731 | J10: ml | K10: 423
B11: 7 | C11: Sidi Kacem | D11: BIR TALEB | E11: 50-23 | F11: Entretien et réparation du réseau d'assainissement et de drainage | G11: Curage des prises sur l’oued, bâche d’aspiration et bassin de régulation. | H11: Curage des prises sur l’oued de la station de pompage P11/1. | I11: 200000 | J11: ml | K11: 67
B12: 8 | C12: Sidi Kacem | D12: BIR TALEB | E12: 50-21 | F12: Entretien et réparation des stations de pompage | G12: Prestation de maintenance des débitmètres et leurs équipements annexes installés au niveau des station de pompage | H12: Changement trois débitmètre Ø 400mm inondés de la station de pompage P11/1 | I12: 141900 | J12: U | K12: 3
B13: 9 | C13: Sidi Kacem | D13: BIR TALEB | E13: 50-21 | F13: Entretien et réparation des stations de pompage | G13: Prestations de maintenance et de réparation mécanique des pompes et des groupes motopompes submersibles des stations de pompage. | H13: Démontage et expertise des roues des pompes principaux et pompes a vide de la station P11/1 Changement des roulements, tresses et organes d’effectués de la station P11/1 | I13: 26700 | J13: U | K13: 1
B14: 10 | C14: Sidi Kacem | D14: BIR TALEB | E14: 50-21 | F14: Entretien et réparation des stations de pompage | G14: Stabilisation Berge oued | H14: Pose de gabions et recouvrement du talus par matelas Reno des stations de pompage P11/1. | I14: 480000 | J14: m³ | K14: 320
B15: 11 | C15: Sidi Kacem | D15: BIR TALEB | E15: 50-21 | F15: Entretien et réparation des stations de pompage | G15: Génie civile des locaux des stations de pompage. | H15: Expertise d’état et d’étanchéité des locaux pompes. Renforcement d’étanchéité des locaux pompe sous niveau des oueds des stations de pompage P11/1. Entretien des supports en béton des conduites d’aspiration. | I15: 300000 | J15: U | K15: 1
B16: 12 | C16: Sidi Kacem | D16: CHEBANAT | E16: 50-23 | F16: Entretien et réparation du réseau d'assainissement et de drainage | G16: Travaux de curage des canaux en terre | H16: Curage des collecteurs d'assainissement des secteur SH5 et SH6. | I16: 1000000 | J16: ml | K16: 500
B17: 13 | C17: Sidi Kacem | D17: CHEBANAT | E17: 50-23 | F17: Entretien et réparation du réseau d'assainissement et de drainage | G17: Travaux de curage des canaux révetus | H17: Curage du canal principal d'irrigation beht partie aval 1. | I17: 739200 | J17: ml | K17: 370
B18: 14 | C18: Sidi Kacem | D18: ZIRARA | E18: 50-23 | F18: Entretien et réparation du réseau d'assainissement et de drainage | G18: Travaux de curage des canaux révetus | H18: Curage du canal principal d'irrigation beht partie aval 2. | I18: 1276800 | J18: ml | K18: 638
B19: 15 | C19: Sidi Kacem | D19: DAR LAASLOUJI | E19: 50-23 | F19: Entretien et réparation du réseau d'assainissement et de drainage | G19: Travaux de curage des canaux en terre | H19: Curage des collecteurs d'assainissement des secteurs P8-1 et P8-2 | I19: 5796360 | J19: ml | K19: 2898
B20: 16 | C20: Sidi Kacem | D20: DAR LAASLOUJI | E20: 40-21 | F20: Travaux de pistes | G20: Entretien des pistes agricoles | H20: Entretien des pistes agricoles | I20: 340000 | J20: km | K20: 1
B21: 17 | C21: Sidi Kacem | D21: HOUAFATE | E21: 20-11 | F21: Travaux de réhabilitation des équipements | G21: Travaux de réhabilitation des canaux portés d'irrigation | H21: Fourniture et de pose de canaux porté et accessoires du réseau S3 du secteur S13 | I21: 397934 | J21: ml | K21: 133
B22: 18 | C22: Sidi Kacem | D22: HOUAFATE | E22: 20-11 | F22: Travaux de réhabilitation des équipements | H22: Fourniture et de pose de canaux porté et accessoires du réseau T2S1 du secteur S13 | I22: 207575 | J22: ml | K22: 69
B23: 19 | C23: Sidi Kacem | D23: HOUAFATE | E23: 40-21 | F23: Travaux de pistes | G23: Entretien des pistes agricoles | H23: Entretien des pistes agricoles | I23: 2200000 | J23: km | K23: 4
B24: 20 | C24: Sidi Kacem | D24: HOUAFATE | E24: 50-23 | F24: Entretien et réparation du réseau d'assainissement et de drainage | G24: Curage des prises sur l’oued, bâche d’aspiration et bassin de régulation. | H24: Curage des prises sur l’oued de la station de pompage S17 et S13. Nettoyage des grilles de préfiltration des boues colmaté de la station de pompage S17 et S13. Curage de la bâche d’aspiration de la station S17 et S13. | I24: 300000 | J24: ml | K24: 100
B25: 21 | C25: Sidi Kacem | D25: HOUAFATE | E25: 50-21 | F25: Entretien et réparation des stations de pompage | G25: Prestation de maintenance des débitmètres et leurs équipements annexes installés au niveau des station de pompage | H25: Changement trois débitmètre Ø 600mm inondés de la station de pompage S13. | I25: 250000 | J25: U | K25: 3
B26: 22 | C26: Sidi Kacem | D26: HOUAFATE | E26: 50-21 | F26: Entretien et réparation des stations de pompage | G26: Prestations de maintenance des moteurs électriques des stations de pompage. | H26: Révision des trois moteurs électriques 200 KW principaux de la station S13. Révision des deux moteurs électriques 5,5 KW groupes vide de la station S13. | I26: 25000 | J26: U | K26: 3
B27: 23 | C27: Sidi Kacem | D27: HOUAFATE | E27: 50-21 | F27: Entretien et réparation des stations de pompage | G27: Prestations de maintenance et de réparation mécanique des pompes et des groupes motopompes submersibles des stations de pompage. | H27: Démontage et expertise des roues des pompes principaux et pompes a vide de la station S13. Changement des roulements, tresses et organes d’effectués de la station S13. | I27: 38000 | J27: U | K27: 1
B28: 24 | C28: Sidi Kacem | D28: HOUAFATE | E28: 50-21 | F28: Entretien et réparation des stations de pompage | G28: Stabilisation Berge oued | H28: Pose de gabions et recouvrement du talus par matelas Reno des stations de pompage S13. | I28: 10560000 | J28: m³ | K28: 7040
B29: 25 | C29: Sidi Kacem | D29: HOUAFATE | E29: 50-21 | F29: Entretien et réparation des stations de pompage | G29: Mur clôture des stations de pompage. | H29: Stabilisation du sol et reconstruction des murs clôture (270m) cote oued de la station S17. | I29: 144000 | J29: ml | K29: 270
B30: 26 | C30: Sidi Kacem | D30: HOUAFATE | E30: 50-21 | F30: Entretien et réparation des stations de pompage | G30: Génie civile des locaux des stations de pompage. | H30: Expertise d’état et d’étanchéité des locaux pompes, commande, puissance des stations de pompage S17 et S13. Renforcement d’étanchéité des locaux pompe sous niveau des oueds des stations de pompage S17 et S13. | I30: 800000 | J30: U | K30: 1
B31: 27 | C31: Sidi Kacem | D31: NOUIRAT | E31: 50-23 | F31: Entretien et réparation du réseau d'assainissement et de drainage | G31: Travaux de curage des canaux en terre | H31: Curage des collecteurs d'assainissement des secteurs EST1 et N5 | I31: 1733306 | J31: ml | K31: 867
B32: 28 | C32: Sidi Kacem | D32: NOUIRAT | E32: 40-21 | F32: Travaux de pistes | G32: Entretien des pistes agricoles | H32: Entretien des pistes agricoles | I32: 670000 | J32: km | K32: 1
B33: 29 | C33: Sidi Kacem | D33: NOUIRAT | E33: 20-11 | F33: Travaux de réhabilitation des équipements | G33: Travaux de réhabilitation des ouvrages de génie civil | H33: Réhabilitation de l'ouvrage( genie civil ,gabiollannage,clapet anti retour et buse) de l'ouvrage de débouche SE1 | I33: 2500000 | J33: U | K33: 5
B34: 30 | C34: Sidi Kacem | D34: NOUIRAT | E34: 50-23 | F34: Entretien et réparation du réseau d'assainissement et de drainage | G34: Curage des prises sur l’oued, bâche d’aspiration et bassin de régulation. | H34: Curage des prises sur l’oued de la station de pompage E1. Nettoyage des grilles de préfiltration des boues colmaté de la station de pompage E1. Curage de la bâche d’aspiration de la station E1. | I34: 800000 | J34: ml | K34: 267
... B42: 38 | C42: Sidi Kacem | D42: SAFSAF | E42: 20-11 | F42: Travaux de réhabilitation des équipements | G42: Travaux de réhabilitation des canaux portés d'irrigation | H42: Fourniture et pose de canaux porté et accessoires du réseau S4 du secteur S11 | I42: 232266 | J42: ml | K42: 77
B43: 39 | C43: Sidi Kacem | D43: SAFSAF | E43: 20-11 | F43: Travaux de réhabilitation des équipements | H43: Recalage des canaux portés du réseau T5S5 du secteur S9 | I43: 1055025 | J43: ml | K43: 352
B44: 40 | C44: Sidi Kacem | D44: SAFSAF | E44: 20-11 | F44: Travaux de réhabilitation des équipements | H44: Recalage des canaux portés du réseau T7S5 du secteur S9 | I44: 1004535 | J44: ml | K44: 335
B45: 41 | C45: Sidi Kacem | D45: SAFSAF | E45: 20-11 | F45: Travaux de réhabilitation des équipements | H45: Recalage des canaux portés du réseau T2S5 du secteur S9 | I45: 793830 | J45: ml | K45: 265
B46: 42 | C46: Sidi Kacem | D46: SAFSAF | E46: 40-21 | F46: Travaux de pistes | G46: Entretien des pistes agricoles | H46: Entretien des pistes agricoles | I46: 2000000 | J46: km | K46: 4
B47: 43 | C47: Sidi Kacem | D47: SAFSAF | E47: 50-23 | F47: Entretien et réparation du réseau d'assainissement et de drainage | G47: Curage des prises sur l’oued, bâche d’aspiration et bassin de régulation. | H47: Curage des prises sur l’oued des stations de pompage S11, S9, 7D et 7B. Nettoyage des grilles de préfiltration des boues colmaté des stations de pompage S11, S9, 7D et 7B. Nettoyage des crépines des boues colmaté de station pompage 7D. Curage des dalots et bâche d’aspiration des stations de pompage S11, S9, 7B. | I47: 200000 | J47: ml | K47: 67
B48: 44 | C48: Sidi Kacem | D48: SAFSAF | E48: 50-21 | F48: Entretien et réparation des stations de pompage | G48: Prestation de maintenance des débitmètres et leurs équipements annexes installés au niveau des station de pompage | H48: Changements Sept des débitmètres Ø 600mm inondé des deux stations de pompage S11 et S9. | I48: 580000 | J48: U | K48: 7
B49: 45 | C49: Sidi Kacem | D49: SAFSAF | E49: 50-21 | F49: Entretien et réparation des stations de pompage | G49: Stabilisation Berge oued | H49: Pose de murs en gabions et recouvrement du talus par matelas Reno des stations de pompage S11, S9, 7D et 7B . | I49: 4000000 | J49: m³ | K49: 2667
B50: 46 | C50: Sidi Kacem | D50: SIDI AZZOUZ | E50: 40-21 | F50: Travaux de pistes | G50: Entretien des pistes agricoles | H50: Entretien des pistes agricoles | I50: 655000 | J50: km | K50: 1
B51: 47 | C51: Sidi Kacem | D51: SIDI EL KAMEL | E51: 20-11 | F51: Travaux de réhabilitation des équipements | G51: Travaux de réhabilitation des canaux portés d'irrigation | H51: Fourniture et de pose de canaux porté et accessoires du réseau SR4 du secteur S3R | I51: 5182920 | J51: ml | K51: 1728
B52: 48 | C52: Sidi Kacem | D52: SIDI EL KAMEL | E52: 20-11 | F52: Travaux de réhabilitation des équipements | H52: Fourniture et de pose de canaux porté et accessoires du réseau SR6 du secteur S1RIZ | I52: 152818 | J52: ml | K52: 51
B53: 49 | C53: Sidi Kacem | D53: SIDI EL KAMEL | E53: 20-11 | F53: Travaux de réhabilitation des équipements | H53: Recalage des canaux portés du réseau SR4 du secteur S3R | I53: 1418000 | J53: ml | K53: 473
B54: 50 | C54: Sidi Kacem | D54: SIDI EL KAMEL | E54: 20-11 | F54: Travaux de réhabilitation des équipements | G54: Travaux de réhabilitation des ouvrages de génie civil | H54: Réhabilitation des murs de soutènements des ouvrages de franchissements du canal d'assainissement CS3 secteur S3 et de l’ouvrage de franchissement du canal primaire d’irrigation du secteur S1R au niveau de la route provinciale P4234 | I54: 800000 | J54: ml | K54: 400
B55: 51 | C55: Sidi Kacem | D55: SIDI EL KAMEL | E55: 40-21 | F55: Travaux de pistes | G55: Entretien des pistes agricoles | H55: Entretien des pistes agricoles | I55: 3700000 | J55: km | K55: 7
B56: 52 | C56: Sidi Kacem | D56: SIDI EL KAMEL | E56: 50-21 | F56: Entretien et réparation des stations de pompage | G56: Prestation de maintenance des débitmètres et leurs équipements annexes installés au niveau des station de pompage | H56: Changement de quatre débitmètres Ø 500mm et trois Ø 800mm inondé des stations de pompage 1R, 3R et 5R. | I56: 705000 | J56: U | K56: 3
B57: 53 | C57: Sidi Kacem | D57: SIDI EL KAMEL | E57: 50-21 | F57: Entretien et réparation des stations de pompage | G57: Mur clôture des stations de pompage. | H57: Stabilisation et reconstruction des murs clôture cote oued des stations de pompage 7A, 3R et 1R. | I57: 372000 | J57: ml | K57: 124
B58: 54 | C58: Kénitra | D58: Bni malek | E58: 50-23 | F58: Entretien et réparation du réseau d'assainissement et de drainage | G58: Travaux de curage des canaux en terre | H58: Curage des emissaires et colatures secondaire au niveau des secteurs MDA ET N9 | I58: 10000000 | J58: ml | K58: 5000
B59: 55 | C59: Kénitra | D59: Bni malek | E59: 40-21 | F59: Travaux de pistes | G59: Travaux de réhabilitation des pistes agricoles | H59: Entretien des pistes agricoles des secteurs MDA et N3 | I59: 2000000 | J59: km | K59: 4
B60: 56 | C60: Kénitra | D60: Bni malek | E60: 50-21 | F60: Entretien et réparation des stations de pompage | G60: Prestations de maintenance et de réparation mécanique des pompes et des groupes motopompes submersibles des stations de pompage. | H60: station de pompage MDA secteur MDA | I60: 300000 | J60: U | K60: 1
B61: 57 | C61: Kénitra | D61: Bni malek | E61: 20-11 | F61: Travaux de réhabilitation des équipements | G61: Travaux de réhabilitation des ouvrages de génie civil | H61: Rétablissement des bornes affaissées des secteurs N2 et N3 | I61: 100000 | J61: U | K61: 200
B62: 58 | C62: Kénitra | D62: SOUK TLET | E62: 50-23 | F62: Entretien et réparation du réseau d'assainissement et de drainage | G62: Travaux de curage des canaux en terre | H62: curage des emissaires et colatures secondaire au niveau des secteurs N2,N3 ET N4, | I62: 3000000 | J62: ml | K62: 1500
B63: 59 | C63: Kénitra | D63: SOUK TLET | E63: 40-21 | F63: Travaux de pistes | G63: Travaux de réhabilitation des pistes agricoles | H63: Entretien des pistes des secteurs N2,N3,N4 et C4R, | I63: 5000000 | J63: U | K63: 1
B64: 60 | C64: Kénitra | D64: Sidi Med Lahmar | E64: 50-23 | F64: Entretien et réparation du réseau d'assainissement et de drainage | G64: Travaux de curage des canaux en terre | H64: Curage des emissaires et colatures secondaires secteurs N1 | I64: 3000000 | J64: ml | K64: 1500
B65: 61 | C65: Kénitra | D65: Sidi Med Lahmar | E65: 40-21 | F65: Travaux de pistes | G65: Travaux de réhabilitation des pistes agricoles | H65: Entretien des pistes agricoles des secteurs N9 et N1 | I65: 3000000 | J65: km | K65: 6
... B76: 72 | C76: Sidi Slimane | D76: OULED HCEINE | E76: 50-23 | F76: Entretien et réparation du réseau d'assainissement et de drainage | G76: Travaux de curage des prises des stations de pompage. | H76: Curage des siphones des station de pompage EST2 et P11/2. | I76: 500000 | J76: ml | K76: 167
B77: TOTAL | I77: =SUM(I5:I76)

Sheet Guide
B2: Guide d'Utilisation du Canevas Hebdomadaire
B4: CODE COULEUR | C4: Jaune = Saisie | Vert = Formule auto inter-feuille | Noir = Formule calculée | Bleu = Valeur saisie
B5: SAISIE HEBDOMADAIRE | C5: Dans les feuilles S01-S52, saisissez uniquement les cellules jaunes : Qté Réalisée Semaine, Montants, Avancement Financier %, Observations. Chaque feuille correspond à une semaine ISO de 2026 avec la date pré-remplie.
B6: 52 SEMAINES 2026 | C6: Le classeur contient 52 feuilles hebdomadaires (S01 à S52), couvrant toute l'année 2026. Les couleurs des onglets changent par mois pour faciliter la navigation.
B7: INDICATEURS PHYSIQUES | C7: Chaque projet a une Unité (ml, km, m², m³, U) et une Qté Prévue définies dans 'Liste Projets'. L'Avancement Physique % est calculé automatiquement : Qté Réalisée Cumul / Qté Prévue
B8: CUMUL AUTOMATIQUE | C8: La Qté Réalisée Cumul = Cumul sem. précédente + Qté réalisée cette semaine. Le lien entre semaines est automatique (S02 référence S01, S03 référence S02, etc.).
B9: SUIVI MENSUEL | C9: L'onglet 'Récapitulatif' contient un Résumé Mensuel avec l'avancement en fin de mois, l'accroissement mensuel et l'écart physique-financier pour chaque mois de 2026. Les semaines de chaque mois sont indiquées (ex: S01-S04 pour Janvier).
B10: PROTECTION | C10: Cellules de référence et formules verrouillées. Mot de passe : ormvag2026
B11: MODIFIER UNITÉS/QTÉ | C11: Allez dans 'Liste Projets' pour modifier les Unités et Qté Prévue. Ces valeurs sont reportées dans les feuilles hebdomadaires.
B12: FORMAT POURCENTAGE | C12: Saisir 0.25 pour 25%, 0.50 pour 50%, 1.00 pour 100%. Valeurs entre 0 et 1.
B13: ÉCART PHYS.-FIN. | C13: Positif = le physique avance plus vite que le financier. Négatif = le financier avance plus vite. Problème si > 5% d'écart.
B14: DATES PRÉ-REMPLIES | C14: Chaque feuille hebdomadaire a la date du lundi de la semaine pré-remplie dans la cellule C3. Par exemple, S24 correspond au 08/06/2026 - 14/06/2026.

Sheet S01
B2: Suivi Hebdomadaire - Semaine 1 (29/12 - 04/01) — Décembre 2026 - Exécution Physique et Financière
B3: Date : | C3: 46020 | E3: IDENTIFICATION | J3: INDICATEURS PHYSIQUES | Q3: INDICATEURS FINANCIERS | W3: SYNTHÈSE
B4: N° | C4: Province | D4: Commune | E4: Rubrique | F4: Intitulé Rubrique | G4: Projet | H4: Consistance | I4: Coût Total (DH) | J4: Unité | K4: Qté Prévue | L4: Qté Réalisée Sem. | M4: Qté Réalisée Cumul | N4: Avancement Physique % | O4: % Phys. Sem. Préc. | P4: Accroissement Phys. % | Q4: Montant Décaissé (DH) | R4: Montant Payé (DH) | S4: Montant Ordonné (DH) | T4: Avancement Financier % | U4: % Fin. Sem. Préc. | V4: Accroissement Fin. % | W4: Écart Phys.-Fin. | X4: Observations
B5: 1 | C5: Sidi Kacem | D5: KHENICHET | E5: 50-23 | F5: Entretien et réparation du réseau d'assainissement et de drainage | G5: Travaux de curage des canaux en terre | H5: Curage des collecteurs d'assainissement du secteur EST2 | I5: 2091568 | J5: ml | K5: 1046 | M5: =L5 | N5: =IFERROR(M5/K5,0) | O5: 0 | P5: =N5-O5 | U5: 0 | V5: =T5-U5 | W5: =N5-T5
B6: 2 | C6: Sidi Kacem | D6: KHENICHET | E6: 40-21 | F6: Travaux de pistes | G6: Travaux de réhabilitation des pistes agricoles | H6: Entretien des pistes agricoles Douar Nouagra et Douar ouled Salem | I6: 78000 | J6: km | K6: 1 | M6: =L6 | N6: =IFERROR(M6/K6,0) | O6: 0 | P6: =N6-O6 | U6: 0 | V6: =T6-U6 | W6: =N6-T6
B7: 3 | C7: Sidi Kacem | D7: KHENICHET | E7: 50-23 | F7: Entretien et réparation du réseau d'assainissement et de drainage | G7: Curage des prises sur l’oued, bâche d’aspiration et bassin de régulation. | H7: Curage de la chambre des joints de démontage des siphonnes de la station de pompage EST2. | I7: 126000 | J7: ml | K7: 42 | M7: =L7 | N7: =IFERROR(M7/K7,0) | O7: 0 | P7: =N7-O7 | U7: 0 | V7: =T7-U7 | W7: =N7-T7
B8: 4 | C8: Sidi Kacem | D8: KHENICHET | E8: 50-21 | F8: Entretien et réparation des stations de pompage | G8: Prestation de maintenance des débitmètres et leurs équipements annexes installés au niveau des station de pompage | H8: Changement trois débitmètre Ø 600mm inondés de la station de pompage EST 2 et deux capteurs VEGASON 62 | I8: 165500 | J8: U | K8: 3 | M8: =L8 | N8: =IFERROR(M8/K8,0) | O8: 0 | P8: =N8-O8 | U8: 0 | V8: =T8-U8 | W8: =N8-T8
B9: 5 | C9: Sidi Kacem | D9: BIR TALEB | E9: 50-23 | F9: Entretien et réparation du réseau d'assainissement et de drainage | G9: Travaux de curage des canaux en terre | H9: Curage du canal d'assainisement Tihli Aval | I9: 1000000 | J9: ml | K9: 500 | M9: =L9 | N9: =IFERROR(M9/K9,0) | O9: 0 | P9: =N9-O9 | U9: 0 | V9: =T9-U9 | W9: =N9-T9
B10: 6 | C10: Sidi Kacem | D10: BIR TALEB | E10: 50-23 | F10: Entretien et réparation du réseau d'assainissement et de drainage | H10: Curage des collecteurs d'assainissement du secteur P11/1 | I10: 846731 | J10: ml | K10: 423 | M10: =L10 | N10: =IFERROR(M10/K10,0) | O10: 0 | P10: =N10-O10 | U10: 0 | V10: =T10-U10 | W10: =N10-T10
B11: 7 | C11: Sidi Kacem | D11: BIR TALEB | E11: 50-23 | F11: Entretien et réparation du réseau d'assainissement et de drainage | G11: Curage des prises sur l’oued, bâche d’aspiration et bassin de régulation. | H11: Curage des prises sur l’oued de la station de pompage P11/1. | I11: 200000 | J11: ml | K11: 67 | M11: =L11 | N11: =IFERROR(M11/K11,0) | O11: 0 | P11: =N11-O11 | U11: 0 | V11: =T11-U11 | W11: =N11-T11
B12: 8 | C12: Sidi Kacem | D12: BIR TALEB | E12: 50-21 | F12: Entretien et réparation des stations de pompage | G12: Prestation de maintenance des débitmètres et leurs équipements annexes installés au niveau des station de pompage | H12: Changement trois débitmètre Ø 400mm inondés de la station de pompage P11/1 | I12: 141900 | J12: U | K12: 3 | M12: =L12 | N12: =IFERROR(M12/K12,0) | O12: 0 | P12: =N12-O12 | U12: 0 | V12: =T12-U12 | W12: =N12-T12
B13: 9 | C13: Sidi Kacem | D13: BIR TALEB | E13: 50-21 | F13: Entretien et réparation des stations de pompage | G13: Prestations de maintenance et de réparation mécanique des pompes et des groupes motopompes submersibles des stations de pompage. | H13: Démontage et expertise des roues des pompes principaux et pompes a vide de la station P11/1 Changement des roulements, tresses et organes d’effectués de la station P11/1 | I13: 26700 | J13: U | K13: 1 | M13: =L13 | N13: =IFERROR(M13/K13,0) | O13: 0 | P13: =N13-O13 | U13: 0 | V13: =T13-U13 | W13: =N13-T13
B14: 10 | C14: Sidi Kacem | D14: BIR TALEB | E14: 50-21 | F14: Entretien et réparation des stations de pompage | G14: Stabilisation Berge oued | H14: Pose de gabions et recouvrement du talus par matelas Reno des stations de pompage P11/1. | I14: 480000 | J14: m³ | K14: 320 | M14: =L14 | N14: =IFERROR(M14/K14,0) | O14: 0 | P14: =N14-O14 | U14: 0 | V14: =T14-U14 | W14: =N14-T14
B15: 11 | C15: Sidi Kacem | D15: BIR TALEB | E15: 50-21 | F15: Entretien et réparation des stations de pompage | G15: Génie civile des locaux des stations de pompage. | H15: Expertise d’état et d’étanchéité des locaux pompes. Renforcement d’étanchéité des locaux pompe sous niveau des oueds des stations de pompage P11/1. Entretien des supports en béton des conduites d’aspiration. | I15: 300000 | J15: U | K15: 1 | M15: =L15 | N15: =IFERROR(M15/K15,0) | O15: 0 | P15: =N15-O15 | U15: 0 | V15: =T15-U15 | W15: =N15-T15
B16: 12 | C16: Sidi Kacem | D16: CHEBANAT | E16: 50-23 | F16: Entretien et réparation du réseau d'assainissement et de drainage | G16: Travaux de curage des canaux en terre | H16: Curage des collecteurs d'assainissement des secteur SH5 et SH6. | I16: 1000000 | J16: ml | K16: 500 | M16: =L16 | N16: =IFERROR(M16/K16,0) | O16: 0 | P16: =N16-O16 | U16: 0 | V16: =T16-U16 | W16: =N16-T16
B17: 13 | C17: Sidi Kacem | D17: CHEBANAT | E17: 50-23 | F17: Entretien et réparation du réseau d'assainissement et de drainage | G17: Travaux de curage des canaux révetus | H17: Curage du canal principal d'irrigation beht partie aval 1. | I17: 739200 | J17: ml | K17: 370 | M17: =L17 | N17: =IFERROR(M17/K17,0) | O17: 0 | P17: =N17-O17 | U17: 0 | V17: =T17-U17 | W17: =N17-T17
B18: 14 | C18: Sidi Kacem | D18: ZIRARA | E18: 50-23 | F18: Entretien et réparation du réseau d'assainissement et de drainage | G18: Travaux de curage des canaux révetus | H18: Curage du canal principal d'irrigation beht partie aval 2. | I18: 1276800 | J18: ml | K18: 638 | M18: =L18 | N18: =IFERROR(M18/K18,0) | O18: 0 | P18: =N18-O18 | U18: 0 | V18: =T18-U18 | W18: =N18-T18
B19: 15 | C19: Sidi Kacem | D19: DAR LAASLOUJI | E19: 50-23 | F19: Entretien et réparation du réseau d'assainissement et de drainage | G19: Travaux de curage des canaux en terre | H19: Curage des collecteurs d'assainissement des secteurs P8-1 et P8-2 | I19: 5796360 | J19: ml | K19: 2898 | M19: =L19 | N19: =IFERROR(M19/K19,0) | O19: 0 | P19: =N19-O19 | U19: 0 | V19: =T19-U19 | W19: =N19-T19
B20: 16 | C20: Sidi Kacem | D20: DAR LAASLOUJI | E20: 40-21 | F20: Travaux de pistes | G20: Entretien des pistes agricoles | H20: Entretien des pistes agricoles | I20: 340000 | J20: km | K20: 1 | M20: =L20 | N20: =IFERROR(M20/K20,0) | O20: 0 | P20: =N20-O20 | U20: 0 | V20: =T20-U20 | W20: =N20-T20
B21: 17 | C21: Sidi Kacem | D21: HOUAFATE | E21: 20-11 | F21: Travaux de réhabilitation des équipements | G21: Travaux de réhabilitation des canaux portés d'irrigation | H21: Fourniture et de pose de canaux porté et accessoires du réseau S3 du secteur S13 | I21: 397934 | J21: ml | K21: 133 | M21: =L21 | N21: =IFERROR(M21/K21,0) | O21: 0 | P21: =N21-O21 | U21: 0 | V21: =T21-U21 | W21: =N21-T21
B22: 18 | C22: Sidi Kacem | D22: HOUAFATE | E22: 20-11 | F22: Travaux de réhabilitation des équipements | H22: Fourniture et de pose de canaux porté et accessoires du réseau T2S1 du secteur S13 | I22: 207575 | J22: ml | K22: 69 | M22: =L22 | N22: =IFERROR(M22/K22,0) | O22: 0 | P22: =N22-O22 | U22: 0 | V22: =T22-U22 | W22: =N22-T22
B23: 19 | C23: Sidi Kacem | D23: HOUAFATE | E23: 40-21 | F23: Travaux de pistes | G23: Entretien des pistes agricoles | H23: Entretien des pistes agricoles | I23: 2200000 | J23: km | K23: 4 | M23: =L23 | N23: =IFERROR(M23/K23,0) | O23: 0 | P23: =N23-O23 | U23: 0 | V23: =T23-U23 | W23: =N23-T23
B24: 20 | C24: Sidi Kacem | D24: HOUAFATE | E24: 50-23 | F24: Entretien et réparation du réseau d'assainissement et de drainage | G24: Curage des prises sur l’oued, bâche d’aspiration et bassin de régulation. | H24: Curage des prises sur l’oued de la station de pompage S17 et S13. Nettoyage des grilles de préfiltration des boues colmaté de la station de pompage S17 et S13. Curage de la bâche d’aspiration de la station S17 et S13. | I24: 300000 | J24: ml | K24: 100 | M24: =L24 | N24: =IFERROR(M24/K24,0) | O24: 0 | P24: =N24-O24 | U24: 0 | V24: =T24-U24 | W24: =N24-T24
B25: 21 | C25: Sidi Kacem | D25: HOUAFATE | E25: 50-21 | F25: Entretien et réparation des stations de pompage | G25: Prestation de maintenance des débitmètres et leurs équipements annexes installés au niveau des station de pompage | H25: Changement trois débitmètre Ø 600mm inondés de la station de pompage S13. | I25: 250000 | J25: U | K25: 3 | M25: =L25 | N25: =IFERROR(M25/K25,0) | O25: 0 | P25: =N25-O25 | U25: 0 | V25: =T25-U25 | W25: =N25-T25
B26: 22 | C26: Sidi Kacem | D26: HOUAFATE | E26: 50-21 | F26: Entretien et réparation des stations de pompage | G26: Prestations de maintenance des moteurs électriques des stations de pompage. | H26: Révision des trois moteurs électriques 200 KW principaux de la station S13. Révision des deux moteurs électriques 5,5 KW groupes vide de la station S13. | I26: 25000 | J26: U | K26: 3 | M26: =L26 | N26: =IFERROR(M26/K26,0) | O26: 0 | P26: =N26-O26 | U26: 0 | V26: =T26-U26 | W26: =N26-T26
B27: 23 | C27: Sidi Kacem | D27: HOUAFATE | E27: 50-21 | F27: Entretien et réparation des stations de pompage | G27: Prestations de maintenance et de réparation mécanique des pompes et des groupes motopompes submersibles des stations de pompage. | H27: Démontage et expertise des roues des pompes principaux et pompes a vide de la station S13. Changement des roulements, tresses et organes d’effectués de la station S13. | I27: 38000 | J27: U | K27: 1 | M27: =L27 | N27: =IFERROR(M27/K27,0) | O27: 0 | P27: =N27-O27 | U27: 0 | V27: =T27-U27 | W27: =N27-T27
B28: 24 | C28: Sidi Kacem | D28: HOUAFATE | E28: 50-21 | F28: Entretien et réparation des stations de pompage | G28: Stabilisation Berge oued | H28: Pose de gabions et recouvrement du talus par matelas Reno des stations de pompage S13. | I28: 10560000 | J28: m³ | K28: 7040 | M28: =L28 | N28: =IFERROR(M28/K28,0) | O28: 0 | P28: =N28-O28 | U28: 0 | V28: =T28-U28 | W28: =N28-T28
B29: 25 | C29: Sidi Kacem | D29: HOUAFATE | E29: 50-21 | F29: Entretien et réparation des stations de pompage | G29: Mur clôture des stations de pompage. | H29: Stabilisation du sol et reconstruction des murs clôture (270m) cote oued de la station S17. | I29: 144000 | J29: ml | K29: 270 | M29: =L29 | N29: =IFERROR(M29/K29,0) | O29: 0 | P29: =N29-O29 | U29: 0 | V29: =T29-U29 | W29: =N29-T29
B30: 26 | C30: Sidi Kacem | D30: HOUAFATE | E30: 50-21 | F30: Entretien et réparation des stations de pompage | G30: Génie civile des locaux des stations de pompage. | H30: Expertise d’état et d’étanchéité des locaux pompes, commande, puissance des stations de pompage S17 et S13. Renforcement d’étanchéité des locaux pompe sous niveau des oueds des stations de pompage S17 et S13. | I30: 800000 | J30: U | K30: 1 | M30: =L30 | N30: =IFERROR(M30/K30,0) | O30: 0 | P30: =N30-O30 | U30: 0 | V30: =T30-U30 | W30: =N30-T30
B31: 27 | C31: Sidi Kacem | D31: NOUIRAT | E31: 50-23 | F31: Entretien et réparation du réseau d'assainissement et de drainage | G31: Travaux de curage des canaux en terre | H31: Curage des collecteurs d'assainissement des secteurs EST1 et N5 | I31: 1733306 | J31: ml | K31: 867 | M31: =L31 | N31: =IFERROR(M31/K31,0) | O31: 0 | P31: =N31-O31 | U31: 0 | V31: =T31-U31 | W31: =N31-T31
B32: 28 | C32: Sidi Kacem | D32: NOUIRAT | E32: 40-21 | F32: Travaux de pistes | G32: Entretien des pistes agricoles | H32: Entretien des pistes agricoles | I32: 670000 | J32: km | K32: 1 | M32: =L32 | N32: =IFERROR(M32/K32,0) | O32: 0 | P32: =N32-O32 | U32: 0 | V32: =T32-U32 | W32: =N32-T32
B33: 29 | C33: Sidi Kacem | D33: NOUIRAT | E33: 20-11 | F33: Travaux de réhabilitation des équipements | G33: Travaux de réhabilitation des ouvrages de génie civil | H33: Réhabilitation de l'ouvrage( genie civil ,gabiollannage,clapet anti retour et buse) de l'ouvrage de débouche SE1 | I33: 2500000 | J33: U | K33: 5 | M33: =L33 | N33: =IFERROR(M33/K33,0) | O33: 0 | P33: =N33-O33 | U33: 0 | V33: =T33-U33 | W33: =N33-T33
B34: 30 | C34: Sidi Kacem | D34: NOUIRAT | E34: 50-23 | F34: Entretien et réparation du réseau d'assainissement et de drainage | G34: Curage des prises sur l’oued, bâche d’aspiration et bassin de régulation. | H34: Curage des prises sur l’oued de la station de pompage E1. Nettoyage des grilles de préfiltration des boues colmaté de la station de pompage E1. Curage de la bâche d’aspiration de la station E1. | I34: 800000 | J34: ml | K34: 267 | M34: =L34 | N34: =IFERROR(M34/K34,0) | O34: 0 | P34: =N34-O34 | U34: 0 | V34: =T34-U34 | W34: =N34-T34
... B42: 38 | C42: Sidi Kacem | D42: SAFSAF | E42: 20-11 | F42: Travaux de réhabilitation des équipements | G42: Travaux de réhabilitation des canaux portés d'irrigation | H42: Fourniture et pose de canaux porté et accessoires du réseau S4 du secteur S11 | I42: 232266 | J42: ml | K42: 77 | M42: =L42 | N42: =IFERROR(M42/K42,0) | O42: 0 | P42: =N42-O42 | U42: 0 | V42: =T42-U42 | W42: =N42-T42
B43: 39 | C43: Sidi Kacem | D43: SAFSAF | E43: 20-11 | F43: Travaux de réhabilitation des équipements | H43: Recalage des canaux portés du réseau T5S5 du secteur S9 | I43: 1055025 | J43: ml | K43: 352 | M43: =L43 | N43: =IFERROR(M43/K43,0) | O43: 0 | P43: =N43-O43 | U43: 0 | V43: =T43-U43 | W43: =N43-T43
B44: 40 | C44: Sidi Kacem | D44: SAFSAF | E44: 20-11 | F44: Travaux de réhabilitation des équipements | H44: Recalage des canaux portés du réseau T7S5 du secteur S9 | I44: 1004535 | J44: ml | K44: 335 | M44: =L44 | N44: =IFERROR(M44/K44,0) | O44: 0 | P44: =N44-O44 | U44: 0 | V44: =T44-U44 | W44: =N44-T44
B45: 41 | C45: Sidi Kacem | D45: SAFSAF | E45: 20-11 | F45: Travaux de réhabilitation des équipements | H45: Recalage des canaux portés du réseau T2S5 du secteur S9 | I45: 793830 | J45: ml | K45: 265 | M45: =L45 | N45: =IFERROR(M45/K45,0) | O45: 0 | P45: =N45-O45 | U45: 0 | V45: =T45-U45 | W45: =N45-T45
B46: 42 | C46: Sidi Kacem | D46: SAFSAF | E46: 40-21 | F46: Travaux de pistes | G46: Entretien des pistes agricoles | H46: Entretien des pistes agricoles | I46: 2000000 | J46: km | K46: 4 | M46: =L46 | N46: =IFERROR(M46/K46,0) | O46: 0 | P46: =N46-O46 | U46: 0 | V46: =T46-U46 | W46: =N46-T46
B47: 43 | C47: Sidi Kacem | D47: SAFSAF | E47: 50-23 | F47: Entretien et réparation du réseau d'assainissement et de drainage | G47: Curage des prises sur l’oued, bâche d’aspiration et bassin de régulation. | H47: Curage des prises sur l’oued des stations de pompage S11, S9, 7D et 7B. Nettoyage des grilles de préfiltration des boues colmaté des stations de pompage S11, S9, 7D et 7B. Nettoyage des crépines des boues colmaté de station pompage 7D. Curage des dalots et bâche d’aspiration des stations de pompage S11, S9, 7B. | I47: 200000 | J47: ml | K47: 67 | M47: =L47 | N47: =IFERROR(M47/K47,0) | O47: 0 | P47: =N47-O47 | U47: 0 | V47: =T47-U47 | W47: =N47-T47
B48: 44 | C48: Sidi Kacem | D48: SAFSAF | E48: 50-21 | F48: Entretien et réparation des stations de pompage | G48: Prestation de maintenance des débitmètres et leurs équipements annexes installés au niveau des station de pompage | H48: Changements Sept des débitmètres Ø 600mm inondé des deux stations de pompage S11 et S9. | I48: 580000 | J48: U | K48: 7 | M48: =L48 | N48: =IFERROR(M48/K48,0) | O48: 0 | P48: =N48-O48 | U48: 0 | V48: =T48-U48 | W48: =N48-T48
B49: 45 | C49: Sidi Kacem | D49: SAFSAF | E49: 50-21 | F49: Entretien et réparation des stations de pompage | G49: Stabilisation Berge oued | H49: Pose de murs en gabions et recouvrement du talus par matelas Reno des stations de pompage S11, S9, 7D et 7B . | I49: 4000000 | J49: m³ | K49: 2667 | M49: =L49 | N49: =IFERROR(M49/K49,0) | O49: 0 | P49: =N49-O49 | U49: 0 | V49: =T49-U49 | W49: =N49-T49
B50: 46 | C50: Sidi Kacem | D50: SIDI AZZOUZ | E50: 40-21 | F50: Travaux de pistes | G50: Entretien des pistes agricoles | H50: Entretien des pistes agricoles | I50: 655000 | J50: km | K50: 1 | M50: =L50 | N50: =IFERROR(M50/K50,0) | O50: 0 | P50: =N50-O50 | U50: 0 | V50: =T50-U50 | W50: =N50-T50
B51: 47 | C51: Sidi Kacem | D51: SIDI EL KAMEL | E51: 20-11 | F51: Travaux de réhabilitation des équipements | G51: Travaux de réhabilitation des canaux portés d'irrigation | H51: Fourniture et de pose de canaux porté et accessoires du réseau SR4 du secteur S3R | I51: 5182920 | J51: ml | K51: 1728 | M51: =L51 | N51: =IFERROR(M51/K51,0) | O51: 0 | P51: =N51-O51 | U51: 0 | V51: =T51-U51 | W51: =N51-T51
B52: 48 | C52: Sidi Kacem | D52: SIDI EL KAMEL | E52: 20-11 | F52: Travaux de réhabilitation des équipements | H52: Fourniture et de pose de canaux porté et accessoires du réseau SR6 du secteur S1RIZ | I52: 152818 | J52: ml | K52: 51 | M52: =L52 | N52: =IFERROR(M52/K52,0) | O52: 0 | P52: =N52-O52 | U52: 0 | V52: =T52-U52 | W52: =N52-T52
B53: 49 | C53: Sidi Kacem | D53: SIDI EL KAMEL | E53: 20-11 | F53: Travaux de réhabilitation des équipements | H53: Recalage des canaux portés du réseau SR4 du secteur S3R | I53: 1418000 | J53: ml | K53: 473 | M53: =L53 | N53: =IFERROR(M53/K53,0) | O53: 0 | P53: =N53-O53 | U53: 0 | V53: =T53-U53 | W53: =N53-T53
B54: 50 | C54: Sidi Kacem | D54: SIDI EL KAMEL | E54: 20-11 | F54: Travaux de réhabilitation des équipements | G54: Travaux de réhabilitation des ouvrages de génie civil | H54: Réhabilitation des murs de soutènements des ouvrages de franchissements du canal d'assainissement CS3 secteur S3 et de l’ouvrage de franchissement du canal primaire d’irrigation du secteur S1R au niveau de la route provinciale P4234 | I54: 800000 | J54: ml | K54: 400 | M54: =L54 | N54: =IFERROR(M54/K54,0) | O54: 0 | P54: =N54-O54 | U54: 0 | V54: =T54-U54 | W54: =N54-T54
B55: 51 | C55: Sidi Kacem | D55: SIDI EL KAMEL | E55: 40-21 | F55: Travaux de pistes | G55: Entretien des pistes agricoles | H55: Entretien des pistes agricoles | I55: 3700000 | J55: km | K55: 7 | M55: =L55 | N55: =IFERROR(M55/K55,0) | O55: 0 | P55: =N55-O55 | U55: 0 | V55: =T55-U55 | W55: =N55-T55
B56: 52 | C56: Sidi Kacem | D56: SIDI EL KAMEL | E56: 50-21 | F56: Entretien et réparation des stations de pompage | G56: Prestation de maintenance des débitmètres et leurs équipements annexes installés au niveau des station de pompage | H56: Changement de quatre débitmètres Ø 500mm et trois Ø 800mm inondé des stations de pompage 1R, 3R et 5R. | I56: 705000 | J56: U | K56: 3 | M56: =L56 | N56: =IFERROR(M56/K56,0) | O56: 0 | P56: =N56-O56 | U56: 0 | V56: =T56-U56 | W56: =N56-T56
B57: 53 | C57: Sidi Kacem | D57: SIDI EL KAMEL | E57: 50-21 | F57: Entretien et réparation des stations de pompage | G57: Mur clôture des stations de pompage. | H57: Stabilisation et reconstruction des murs clôture cote oued des stations de pompage 7A, 3R et 1R. | I57: 372000 | J57: ml | K57: 124 | M57: =L57 | N57: =IFERROR(M57/K57,0) | O57: 0 | P57: =N57-O57 | U57: 0 | V57: =T57-U57 | W57: =N57-T57
B58: 54 | C58: Kénitra | D58: Bni malek | E58: 50-23 | F58: Entretien et réparation du réseau d'assainissement et de drainage | G58: Travaux de curage des canaux en terre | H58: Curage des emissaires et colatures secondaire au niveau des secteurs MDA ET N9 | I58: 10000000 | J58: ml | K58: 5000 | M58: =L58 | N58: =IFERROR(M58/K58,0) | O58: 0 | P58: =N58-O58 | U58: 0 | V58: =T58-U58 | W58: =N58-T58
B59: 55 | C59: Kénitra | D59: Bni malek | E59: 40-21 | F59: Travaux de pistes | G59: Travaux de réhabilitation des pistes agricoles | H59: Entretien des pistes agricoles des secteurs MDA et N3 | I59: 2000000 | J59: km | K59: 4 | M59: =L59 | N59: =IFERROR(M59/K59,0) | O59: 0 | P59: =N59-O59 | U59: 0 | V59: =T59-U59 | W59: =N59-T59
B60: 56 | C60: Kénitra | D60: Bni malek | E60: 50-21 | F60: Entretien et réparation des stations de pompage | G60: Prestations de maintenance et de réparation mécanique des pompes et des groupes motopompes submersibles des stations de pompage. | H60: station de pompage MDA secteur MDA | I60: 300000 | J60: U | K60: 1 | M60: =L60 | N60: =IFERROR(M60/K60,0) | O60: 0 | P60: =N60-O60 | U60: 0 | V60: =T60-U60 | W60: =N60-T60
B61: 57 | C61: Kénitra | D61: Bni malek | E61: 20-11 | F61: Travaux de réhabilitation des équipements | G61: Travaux de réhabilitation des ouvrages de génie civil | H61: Rétablissement des bornes affaissées des secteurs N2 et N3 | I61: 100000 | J61: U | K61: 200 | M61: =L61 | N61: =IFERROR(M61/K61,0) | O61: 0 | P61: =N61-O61 | U61: 0 | V61: =T61-U61 | W61: =N61-T61
B62: 58 | C62: Kénitra | D62: SOUK TLET | E62: 50-23 | F62: Entretien et réparation du réseau d'assainissement et de drainage | G62: Travaux de curage des canaux en terre | H62: curage des emissaires et colatures secondaire au niveau des secteurs N2,N3 ET N4, | I62: 3000000 | J62: ml | K62: 1500 | M62: =L62 | N62: =IFERROR(M62/K62,0) | O62: 0 | P62: =N62-O62 | U62: 0 | V62: =T62-U62 | W62: =N62-T62
B63: 59 | C63: Kénitra | D63: SOUK TLET | E63: 40-21 | F63: Travaux de pistes | G63: Travaux de réhabilitation des pistes agricoles | H63: Entretien des pistes des secteurs N2,N3,N4 et C4R, | I63: 5000000 | J63: U | K63: 1 | M63: =L63 | N63: =IFERROR(M63/K63,0) | O63: 0 | P63: =N63-O63 | U63: 0 | V63: =T63-U63 | W63: =N63-T63
B64: 60 | C64: Kénitra | D64: Sidi Med Lahmar | E64: 50-23 | F64: Entretien et réparation du réseau d'assainissement et de drainage | G64: Travaux de curage des canaux en terre | H64: Curage des emissaires et colatures secondaires secteurs N1 | I64: 3000000 | J64: ml | K64: 1500 | M64: =L64 | N64: =IFERROR(M64/K64,0) | O64: 0 | P64: =N64-O64 | U64: 0 | V64: =T64-U64 | W64: =N64-T64
B65: 61 | C65: Kénitra | D65: Sidi Med Lahmar | E65: 40-21 | F65: Travaux de pistes | G65: Travaux de réhabilitation des pistes agricoles | H65: Entretien des pistes agricoles des secteurs N9 et N1 | I65: 3000000 | J65: km | K65: 6 | M65: =L65 | N65: =IFERROR(M65/K65,0) | O65: 0 | P65: =N65-O65 | U65: 0 | V65: =T65-U65 | W65: =N65-T65
... B76: 72 | C76: Sidi Slimane | D76: OULED HCEINE | E76: 50-23 | F76: Entretien et réparation du réseau d'assainissement et de drainage | G76: Travaux de curage des prises des stations de pompage. | H76: Curage des siphones des station de pompage EST2 et P11/2. | I76: 500000 | J76: ml | K76: 167 | M76: =L76 | N76: =IFERROR(M76/K76,0) | O76: 0 | P76: =N76-O76 | U76: 0 | V76: =T76-U76 | W76: =N76-T76
B77: TOTAL | I77: =SUM(I5:I76) | L77: =SUM(L5:L76) | M77: =SUM(M5:M76) | N77: =IFERROR(SUMPRODUCT(N5:N76,I5:I76)/I77,0) | O77: =IFERROR(SUMPRODUCT(O5:O76,I5:I76)/I77,0) | P77: =N77-O77 | Q77: =SUM(Q5:Q76) | R77: =SUM(R5:R76) | S77: =SUM(S5:S76) | T77: =IFERROR(SUMPRODUCT(T5:T76,I5:I76)/I77,0) | U77: =IFERROR(SUMPRODUCT(U5:U76,I5:I76)/I77,0) | V77: =T77-U77 | W77: =N77-T77

Sheet S02
B2: Suivi Hebdomadaire - Semaine 2 (05/01 - 11/01) — Janvier 2026 - Exécution Physique et Financière
B3: Date : | C3: 46027 | E3: IDENTIFICATION | J3: INDICATEURS PHYSIQUES | Q3: INDICATEURS FINANCIERS | W3: SYNTHÈSE
B4: N° | C4: Province | D4: Commune | E4: Rubrique | F4: Intitulé Rubrique | G4: Projet | H4: Consistance | I4: Coût Total (DH) | J4: Unité | K4: Qté Prévue | L4: Qté Réalisée Sem. | M4: Qté Réalisée Cumul | N4: Avancement Physique % | O4: % Phys. Sem. Préc. | P4: Accroissement Phys. % | Q4: Montant Décaissé (DH) | R4: Montant Payé (DH) | S4: Montant Ordonné (DH) | T4: Avancement Financier % | U4: % Fin. Sem. Préc. | V4: Accroissement Fin. % | W4: Écart Phys.-Fin. | X4: Observations
B5: 1 | C5: Sidi Kacem | D5: KHENICHET | E5: 50-23 | F5: Entretien et réparation du réseau d'assainissement et de drainage | G5: Travaux de curage des canaux en terre | H5: Curage des collecteurs d'assainissement du secteur EST2 | I5: 2091568 | J5: ml | K5: 1046 | M5: ='S01'!M5+L5 | N5: =IFERROR(M5/K5,0) | O5: ='S01'!N5 | P5: =N5-O5 | U5: ='S01'!T5 | V5: =T5-U5 | W5: =N5-T5
B6: 2 | C6: Sidi Kacem | D6: KHENICHET | E6: 40-21 | F6: Travaux de pistes | G6: Travaux de réhabilitation des pistes agricoles | H6: Entretien des pistes agricoles Douar Nouagra et Douar ouled Salem | I6: 78000 | J6: km | K6: 1 | M6: ='S01'!M6+L6 | N6: =IFERROR(M6/K6,0) | O6: ='S01'!N6 | P6: =N6-O6 | U6: ='S01'!T6 | V6: =T6-U6 | W6: =N6-T6
B7: 3 | C7: Sidi Kacem | D7: KHENICHET | E7: 50-23 | F7: Entretien et réparation du réseau d'assainissement et de drainage | G7: Curage des prises sur l’oued, bâche d’aspiration et bassin de régulation. | H7: Curage de la chambre des joints de démontage des siphonnes de la station de pompage EST2. | I7: 126000 | J7: ml | K7: 42 | M7: ='S01'!M7+L7 | N7: =IFERROR(M7/K7,0) | O7: ='S01'!N7 | P7: =N7-O7 | U7: ='S01'!T7 | V7: =T7-U7 | W7: =N7-T7
B8: 4 | C8: Sidi Kacem | D8: KHENICHET | E8: 50-21 | F8: Entretien et réparation des stations de pompage | G8: Prestation de maintenance des débitmètres et leurs équipements annexes installés au niveau des station de pompage | H8: Changement trois débitmètre Ø 600mm inondés de la station de pompage EST 2 et deux capteurs VEGASON 62 | I8: 165500 | J8: U | K8: 3 | M8: ='S01'!M8+L8 | N8: =IFERROR(M8/K8,0) | O8: ='S01'!N8 | P8: =N8-O8 | U8: ='S01'!T8 | V8: =T8-U8 | W8: =N8-T8
B9: 5 | C9: Sidi Kacem | D9: BIR TALEB | E9: 50-23 | F9: Entretien et réparation du réseau d'assainissement et de drainage | G9: Travaux de curage des canaux en terre | H9: Curage du canal d'assainisement Tihli Aval | I9: 1000000 | J9: ml | K9: 500 | M9: ='S01'!M9+L9 | N9: =IFERROR(M9/K9,0) | O9: ='S01'!N9 | P9: =N9-O9 | U9: ='S01'!T9 | V9: =T9-U9 | W9: =N9-T9
B10: 6 | C10: Sidi Kacem | D10: BIR TALEB | E10: 50-23 | F10: Entretien et réparation du réseau d'assainissement et de drainage | H10: Curage des collecteurs d'assainissement du secteur P11/1 | I10: 846731 | J10: ml | K10: 423 | M10: ='S01'!M10+L10 | N10: =IFERROR(M10/K10,0) | O10: ='S01'!N10 | P10: =N10-O10 | U10: ='S01'!T10 | V10: =T10-U10 | W10: =N10-T10
B11: 7 | C11: Sidi Kacem | D11: BIR TALEB | E11: 50-23 | F11: Entretien et réparation du réseau d'assainissement et de drainage | G11: Curage des prises sur l’oued, bâche d’aspiration et bassin de régulation. | H11: Curage des prises sur l’oued de la station de pompage P11/1. | I11: 200000 | J11: ml | K11: 67 | M11: ='S01'!M11+L11 | N11: =IFERROR(M11/K11,0) | O11: ='S01'!N11 | P11: =N11-O11 | U11: ='S01'!T11 | V11: =T11-U11 | W11: =N11-T11
B12: 8 | C12: Sidi Kacem | D12: BIR TALEB | E12: 50-21 | F12: Entretien et réparation des stations de pompage | G12: Prestation de maintenance des débitmètres et leurs équipements annexes installés au niveau des station de pompage | H12: Changement trois débitmètre Ø 400mm inondés de la station de pompage P11/1 | I12: 141900 | J12: U | K12: 3 | M12: ='S01'!M12+L12 | N12: =IFERROR(M12/K12,0) | O12: ='S01'!N12 | P12: =N12-O12 | U12: ='S01'!T12 | V12: =T12-U12 | W12: =N12-T12
B13: 9 | C13: Sidi Kacem | D13: BIR TALEB | E13: 50-21 | F13: Entretien et réparation des stations de pompage | G13: Prestations de maintenance et de réparation mécanique des pompes et des groupes motopompes submersibles des stations de pompage. | H13: Démontage et expertise des roues des pompes principaux et pompes a vide de la station P11/1 Changement des roulements, tresses et organes d’effectués de la station P11/1 | I13: 26700 | J13: U | K13: 1 | M13: ='S01'!M13+L13 | N13: =IFERROR(M13/K13,0) | O13: ='S01'!N13 | P13: =N13-O13 | U13: ='S01'!T13 | V13: =T13-U13 | W13: =N13-T13
B14: 10 | C14: Sidi Kacem | D14: BIR TALEB | E14: 50-21 | F14: Entretien et réparation des stations de pompage | G14: Stabilisation Berge oued | H14: Pose de gabions et recouvrement du talus par matelas Reno des stations de pompage P11/1. | I14: 480000 | J14: m³ | K14: 320 | M14: ='S01'!M14+L14 | N14: =IFERROR(M14/K14,0) | O14: ='S01'!N14 | P14: =N14-O14 | U14: ='S01'!T14 | V14: =T14-U14 | W14: =N14-T14
B15: 11 | C15: Sidi Kacem | D15: BIR TALEB | E15: 50-21 | F15: Entretien et réparation des stations de pompage | G15: Génie civile des locaux des stations de pompage. | H15: Expertise d’état et d’étanchéité des locaux pompes. Renforcement d’étanchéité des locaux pompe sous niveau des oueds des stations de pompage P11/1. Entretien des supports en béton des conduites d’aspiration. | I15: 300000 | J15: U | K15: 1 | M15: ='S01'!M15+L15 | N15: =IFERROR(M15/K15,0) | O15: ='S01'!N15 | P15: =N15-O15 | U15: ='S01'!T15 | V15: =T15-U15 | W15: =N15-T15
B16: 12 | C16: Sidi Kacem | D16: CHEBANAT | E16: 50-23 | F16: Entretien et réparation du réseau d'assainissement et de drainage | G16: Travaux de curage des canaux en terre | H16: Curage des collecteurs d'assainissement des secteur SH5 et SH6. | I16: 1000000 | J16: ml | K16: 500 | M16: ='S01'!M16+L16 | N16: =IFERROR(M16/K16,0) | O16: ='S01'!N16 | P16: =N16-O16 | U16: ='S01'!T16 | V16: =T16-U16 | W16: =N16-T16
B17: 13 | C17: Sidi Kacem | D17: CHEBANAT | E17: 50-23 | F17: Entretien et réparation du réseau d'assainissement et de drainage | G17: Travaux de curage des canaux révetus | H17: Curage du canal principal d'irrigation beht partie aval 1. | I17: 739200 | J17: ml | K17: 370 | M17: ='S01'!M17+L17 | N17: =IFERROR(M17/K17,0) | O17: ='S01'!N17 | P17: =N17-O17 | U17: ='S01'!T17 | V17: =T17-U17 | W17: =N17-T17
B18: 14 | C18: Sidi Kacem | D18: ZIRARA | E18: 50-23 | F18: Entretien et réparation du réseau d'assainissement et de drainage | G18: Travaux de curage des canaux révetus | H18: Curage du canal principal d'irrigation beht partie aval 2. | I18: 1276800 | J18: ml | K18: 638 | M18: ='S01'!M18+L18 | N18: =IFERROR(M18/K18,0) | O18: ='S01'!N18 | P18: =N18-O18 | U18: ='S01'!T18 | V18: =T18-U18 | W18: =N18-T18
B19: 15 | C19: Sidi Kacem | D19: DAR LAASLOUJI | E19: 50-23 | F19: Entretien et réparation du réseau d'assainissement et de drainage | G19: Travaux de curage des canaux en terre | H19: Curage des collecteurs d'assainissement des secteurs P8-1 et P8-2 | I19: 5796360 | J19: ml | K19: 2898 | M19: ='S01'!M19+L19 | N19: =IFERROR(M19/K19,0) | O19: ='S01'!N19 | P19: =N19-O19 | U19: ='S01'!T19 | V19: =T19-U19 | W19: =N19-T19
B20: 16 | C20: Sidi Kacem | D20: DAR LAASLOUJI | E20: 40-21 | F20: Travaux de pistes | G20: Entretien des pistes agricoles | H20: Entretien des pistes agricoles | I20: 340000 | J20: km | K20: 1 | M20: ='S01'!M20+L20 | N20: =IFERROR(M20/K20,0) | O20: ='S01'!N20 | P20: =N20-O20 | U20: ='S01'!T20 | V20: =T20-U20 | W20: =N20-T20
B21: 17 | C21: Sidi Kacem | D21: HOUAFATE | E21: 20-11 | F21: Travaux de réhabilitation des équipements | G21: Travaux de réhabilitation des canaux portés d'irrigation | H21: Fourniture et de pose de canaux porté et accessoires du réseau S3 du secteur S13 | I21: 397934 | J21: ml | K21: 133 | M21: ='S01'!M21+L21 | N21: =IFERROR(M21/K21,0) | O21: ='S01'!N21 | P21: =N21-O21 | U21: ='S01'!T21 | V21: =T21-U21 | W21: =N21-T21
B22: 18 | C22: Sidi Kacem | D22: HOUAFATE | E22: 20-11 | F22: Travaux de réhabilitation des équipements | H22: Fourniture et de pose de canaux porté et accessoires du réseau T2S1 du secteur S13 | I22: 207575 | J22: ml | K22: 69 | M22: ='S01'!M22+L22 | N22: =IFERROR(M22/K22,0) | O22: ='S01'!N22 | P22: =N22-O22 | U22: ='S01'!T22 | V22: =T22-U22 | W22: =N22-T22
B23: 19 | C23: Sidi Kacem | D23: HOUAFATE | E23: 40-21 | F23: Travaux de pistes | G23: Entretien des pistes agricoles | H23: Entretien des pistes agricoles | I23: 2200000 | J23: km | K23: 4 | M23: ='S01'!M23+L23 | N23: =IFERROR(M23/K23,0) | O23: ='S01'!N23 | P23: =N23-O23 | U23: ='S01'!T23 | V23: =T23-U23 | W23: =N23-T23
B24: 20 | C24: Sidi Kacem | D24: HOUAFATE | E24: 50-23 | F24: Entretien et réparation du réseau d'assainissement et de drainage | G24: Curage des prises sur l’oued, bâche d’aspiration et bassin de régulation. | H24: Curage des prises sur l’oued de la station de pompage S17 et S13. Nettoyage des grilles de préfiltration des boues colmaté de la station de pompage S17 et S13. Curage de la bâche d’aspiration de la station S17 et S13. | I24: 300000 | J24: ml | K24: 100 | M24: ='S01'!M24+L24 | N24: =IFERROR(M24/K24,0) | O24: ='S01'!N24 | P24: =N24-O24 | U24: ='S01'!T24 | V24: =T24-U24 | W24: =N24-T24
B25: 21 | C25: Sidi Kacem | D25: HOUAFATE | E25: 50-21 | F25: Entretien et réparation des stations de pompage | G25: Prestation de maintenance des débitmètres et leurs équipements annexes installés au niveau des station de pompage | H25: Changement trois débitmètre Ø 600mm inondés de la station de pompage S13. | I25: 250000 | J25: U | K25: 3 | M25: ='S01'!M25+L25 | N25: =IFERROR(M25/K25,0) | O25: ='S01'!N25 | P25: =N25-O25 | U25: ='S01'!T25 | V25: =T25-U25 | W25: =N25-T25
B26: 22 | C26: Sidi Kacem | D26: HOUAFATE | E26: 50-21 | F26: Entretien et réparation des stations de pompage | G26: Prestations de maintenance des moteurs électriques des stations de pompage. | H26: Révision des trois moteurs électriques 200 KW principaux de la station S13. Révision des deux moteurs électriques 5,5 KW groupes vide de la station S13. | I26: 25000 | J26: U | K26: 3 | M26: ='S01'!M26+L26 | N26: =IFERROR(M26/K26,0) | O26: ='S01'!N26 | P26: =N26-O26 | U26: ='S01'!T26 | V26: =T26-U26 | W26: =N26-T26
B27: 23 | C27: Sidi Kacem | D27: HOUAFATE | E27: 50-21 | F27: Entretien et réparation des stations de pompage | G27: Prestations de maintenance et de réparation mécanique des pompes et des groupes motopompes submersibles des stations de pompage. | H27: Démontage et expertise des roues des pompes principaux et pompes a vide de la station S13. Changement des roulements, tresses et organes d’effectués de la station S13. | I27: 38000 | J27: U | K27: 1 | M27: ='S01'!M27+L27 | N27: =IFERROR(M27/K27,0) | O27: ='S01'!N27 | P27: =N27-O27 | U27: ='S01'!T27 | V27: =T27-U27 | W27: =N27-T27
B28: 24 | C28: Sidi Kacem | D28: HOUAFATE | E28: 50-21 | F28: Entretien et réparation des stations de pompage | G28: Stabilisation Berge oued | H28: Pose de gabions et recouvrement du talus par matelas Reno des stations de pompage S13. | I28: 10560000 | J28: m³ | K28: 7040 | M28: ='S01'!M28+L28 | N28: =IFERROR(M28/K28,0) | O28: ='S01'!N28 | P28: =N28-O28 | U28: ='S01'!T28 | V28: =T28-U28 | W28: =N28-T28
B29: 25 | C29: Sidi Kacem | D29: HOUAFATE | E29: 50-21 | F29: Entretien et réparation des stations de pompage | G29: Mur clôture des stations de pompage. | H29: Stabilisation du sol et reconstruction des murs clôture (270m) cote oued de la station S17. | I29: 144000 | J29: ml | K29: 270 | M29: ='S01'!M29+L29 | N29: =IFERROR(M29/K29,0) | O29: ='S01'!N29 | P29: =N29-O29 | U29: ='S01'!T29 | V29: =T29-U29 | W29: =N29-T29
B30: 26 | C30: Sidi Kacem | D30: HOUAFATE | E30: 50-21 | F30: Entretien et réparation des stations de pompage | G30: Génie civile des locaux des stations de pompage. | H30: Expertise d’état et d’étanchéité des locaux pompes, commande, puissance des stations de pompage S17 et S13. Renforcement d’étanchéité des locaux pompe sous niveau des oueds des stations de pompage S17 et S13. | I30: 800000 | J30: U | K30: 1 | M30: ='S01'!M30+L30 | N30: =IFERROR(M30/K30,0) | O30: ='S01'!N30 | P30: =N30-O30 | U30: ='S01'!T30 | V30: =T30-U30 | W30: =N30-T30
B31: 27 | C31: Sidi Kacem | D31: NOUIRAT | E31: 50-23 | F31: Entretien et réparation du réseau d'assainissement et de drainage | G31: Travaux de curage des canaux en terre | H31: Curage des collecteurs d'assainissement des secteurs EST1 et N5 | I31: 1733306 | J31: ml | K31: 867 | M31: ='S01'!M31+L31 | N31: =IFERROR(M31/K31,0) | O31: ='S01'!N31 | P31: =N31-O31 | U31: ='S01'!T31 | V31: =T31-U31 | W31: =N31-T31
B32: 28 | C32: Sidi Kacem | D32: NOUIRAT | E32: 40-21 | F32: Travaux de pistes | G32: Entretien des pistes agricoles | H32: Entretien des pistes agricoles | I32: 670000 | J32: km | K32: 1 | M32: ='S01'!M32+L32 | N32: =IFERROR(M32/K32,0) | O32: ='S01'!N32 | P32: =N32-O32 | U32: ='S01'!T32 | V32: =T32-U32 | W32: =N32-T32
B33: 29 | C33: Sidi Kacem | D33: NOUIRAT | E33: 20-11 | F33: Travaux de réhabilitation des équipements | G33: Travaux de réhabilitation des ouvrages de génie civil | H33: Réhabilitation de l'ouvrage( genie civil ,gabiollannage,clapet anti retour et buse) de l'ouvrage de débouche SE1 | I33: 2500000 | J33: U | K33: 5 | M33: ='S01'!M33+L33 | N33: =IFERROR(M33/K33,0) | O33: ='S01'!N33 | P33: =N33-O33 | U33: ='S01'!T33 | V33: =T33-U33 | W33: =N33-T33
B34: 30 | C34: Sidi Kacem | D34: NOUIRAT | E34: 50-23 | F34: Entretien et réparation du réseau d'assainissement et de drainage | G34: Curage des prises sur l’oued, bâche d’aspiration et bassin de régulation. | H34: Curage des prises sur l’oued de la station de pompage E1. Nettoyage des grilles de préfiltration des boues colmaté de la station de pompage E1. Curage de la bâche d’aspiration de la station E1. | I34: 800000 | J34: ml | K34: 267 | M34: ='S01'!M34+L34 | N34: =IFERROR(M34/K34,0) | O34: ='S01'!N34 | P34: =N34-O34 | U34: ='S01'!T34 | V34: =T34-U34 | W34: =N34-T34
... B42: 38 | C42: Sidi Kacem | D42: SAFSAF | E42: 20-11 | F42: Travaux de réhabilitation des équipements | G42: Travaux de réhabilitation des canaux portés d'irrigation | H42: Fourniture et pose de canaux porté et accessoires du réseau S4 du secteur S11 | I42: 232266 | J42: ml | K42: 77 | M42: ='S01'!M42+L42 | N42: =IFERROR(M42/K42,0) | O42: ='S01'!N42 | P42: =N42-O42 | U42: ='S01'!T42 | V42: =T42-U42 | W42: =N42-T42
B43: 39 | C43: Sidi Kacem | D43: SAFSAF | E43: 20-11 | F43: Travaux de réhabilitation des équipements | H43: Recalage des canaux portés du réseau T5S5 du secteur S9 | I43: 1055025 | J43: ml | K43: 352 | M43: ='S01'!M43+L43 | N43: =IFERROR(M43/K43,0) | O43: ='S01'!N43 | P43: =N43-O43 | U43: ='S01'!T43 | V43: =T43-U43 | W43: =N43-T43
B44: 40 | C44: Sidi Kacem | D44: SAFSAF | E44: 20-11 | F44: Travaux de réhabilitation des équipements | H44: Recalage des canaux portés du réseau T7S5 du secteur S9 | I44: 1004535 | J44: ml | K44: 335 | M44: ='S01'!M44+L44 | N44: =IFERROR(M44/K44,0) | O44: ='S01'!N44 | P44: =N44-O44 | U44: ='S01'!T44 | V44: =T44-U44 | W44: =N44-T44
B45: 41 | C45: Sidi Kacem | D45: SAFSAF | E45: 20-11 | F45: Travaux de réhabilitation des équipements | H45: Recalage des canaux portés du réseau T2S5 du secteur S9 | I45: 793830 | J45: ml | K45: 265 | M45: ='S01'!M45+L45 | N45: =IFERROR(M45/K45,0) | O45: ='S01'!N45 | P45: =N45-O45 | U45: ='S01'!T45 | V45: =T45-U45 | W45: =N45-T45
B46: 42 | C46: Sidi Kacem | D46: SAFSAF | E46: 40-21 | F46: Travaux de pistes | G46: Entretien des pistes agricoles | H46: Entretien des pistes agricoles | I46: 2000000 | J46: km | K46: 4 | M46: ='S01'!M46+L46 | N46: =IFERROR(M46/K46,0) | O46: ='S01'!N46 | P46: =N46-O46 | U46: ='S01'!T46 | V46: =T46-U46 | W46: =N46-T46
B47: 43 | C47: Sidi Kacem | D47: SAFSAF | E47: 50-23 | F47: Entretien et réparation du réseau d'assainissement et de drainage | G47: Curage des prises sur l’oued, bâche d’aspiration et bassin de régulation. | H47: Curage des prises sur l’oued des stations de pompage S11, S9, 7D et 7B. Nettoyage des grilles de préfiltration des boues colmaté des stations de pompage S11, S9, 7D et 7B. Nettoyage des crépines des boues colmaté de station pompage 7D. Curage des dalots et bâche d’aspiration des stations de pompage S11, S9, 7B. | I47: 200000 | J47: ml | K47: 67 | M47: ='S01'!M47+L47 | N47: =IFERROR(M47/K47,0) | O47: ='S01'!N47 | P47: =N47-O47 | U47: ='S01'!T47 | V47: =T47-U47 | W47: =N47-T47
B48: 44 | C48: Sidi Kacem | D48: SAFSAF | E48: 50-21 | F48: Entretien et réparation des stations de pompage | G48: Prestation de maintenance des débitmètres et leurs équipements annexes installés au niveau des station de pompage | H48: Changements Sept des débitmètres Ø 600mm inondé des deux stations de pompage S11 et S9. | I48: 580000 | J48: U | K48: 7 | M48: ='S01'!M48+L48 | N48: =IFERROR(M48/K48,0) | O48: ='S01'!N48 | P48: =N48-O48 | U48: ='S01'!T48 | V48: =T48-U48 | W48: =N48-T48
B49: 45 | C49: Sidi Kacem | D49: SAFSAF | E49: 50-21 | F49: Entretien et réparation des stations de pompage | G49: Stabilisation Berge oued | H49: Pose de murs en gabions et recouvrement du talus par matelas Reno des stations de pompage S11, S9, 7D et 7B . | I49: 4000000 | J49: m³ | K49: 2667 | M49: ='S01'!M49+L49 | N49: =IFERROR(M49/K49,0) | O49: ='S01'!N49 | P49: =N49-O49 | U49: ='S01'!T49 | V49: =T49-U49 | W49: =N49-T49
B50: 46 | C50: Sidi Kacem | D50: SIDI AZZOUZ | E50: 40-21 | F50: Travaux de pistes | G50: Entretien des pistes agricoles | H50: Entretien des pistes agricoles | I50: 655000 | J50: km | K50: 1 | M50: ='S01'!M50+L50 | N50: =IFERROR(M50/K50,0) | O50: ='S01'!N50 | P50: =N50-O50 | U50: ='S01'!T50 | V50: =T50-U50 | W50: =N50-T50
B51: 47 | C51: Sidi Kacem | D51: SIDI EL KAMEL | E51: 20-11 | F51: Travaux de réhabilitation des équipements | G51: Travaux de réhabilitation des canaux portés d'irrigation | H51: Fourniture et de pose de canaux porté et accessoires du réseau SR4 du secteur S3R | I51: 5182920 | J51: ml | K51: 1728 | M51: ='S01'!M51+L51 | N51: =IFERROR(M51/K51,0) | O51: ='S01'!N51 | P51: =N51-O51 | U51: ='S01'!T51 | V51: =T51-U51 | W51: =N51-T51
B52: 48 | C52: Sidi Kacem | D52: SIDI EL KAMEL | E52: 20-11 | F52: Travaux de réhabilitation des équipements | H52: Fourniture et de pose de canaux porté et accessoires du réseau SR6 du secteur S1RIZ | I52: 152818 | J52: ml | K52: 51 | M52: ='S01'!M52+L52 | N52: =IFERROR(M52/K52,0) | O52: ='S01'!N52 | P52: =N52-O52 | U52: ='S01'!T52 | V52: =T52-U52 | W52: =N52-T52
B53: 49 | C53: Sidi Kacem | D53: SIDI EL KAMEL | E53: 20-11 | F53: Travaux de réhabilitation des équipements | H53: Recalage des canaux portés du réseau SR4 du secteur S3R | I53: 1418000 | J53: ml | K53: 473 | M53: ='S01'!M53+L53 | N53: =IFERROR(M53/K53,0) | O53: ='S01'!N53 | P53: =N53-O53 | U53: ='S01'!T53 | V53: =T53-U53 | W53: =N53-T53
B54: 50 | C54: Sidi Kacem | D54: SIDI EL KAMEL | E54: 20-11 | F54: Travaux de réhabilitation des équipements | G54: Travaux de réhabilitation des ouvrages de génie civil | H54: Réhabilitation des murs de soutènements des ouvrages de franchissements du canal d'assainissement CS3 secteur S3 et de l’ouvrage de franchissement du canal primaire d’irrigation du secteur S1R au niveau de la route provinciale P4234 | I54: 800000 | J54: ml | K54: 400 | M54: ='S01'!M54+L54 | N54: =IFERROR(M54/K54,0) | O54: ='S01'!N54 | P54: =N54-O54 | U54: ='S01'!T54 | V54: =T54-U54 | W54: =N54-T54
B55: 51 | C55: Sidi Kacem | D55: SIDI EL KAMEL | E55: 40-21 | F55: Travaux de pistes | G55: Entretien des pistes agricoles | H55: Entretien des pistes agricoles | I55: 3700000 | J55: km | K55: 7 | M55: ='S01'!M55+L55 | N55: =IFERROR(M55/K55,0) | O55: ='S01'!N55 | P55: =N55-O55 | U55: ='S01'!T55 | V55: =T55-U55 | W55: =N55-T55
B56: 52 | C56: Sidi Kacem | D56: SIDI EL KAMEL | E56: 50-21 | F56: Entretien et réparation des stations de pompage | G56: Prestation de maintenance des débitmètres et leurs équipements annexes installés au niveau des station de pompage | H56: Changement de quatre débitmètres Ø 500mm et trois Ø 800mm inondé des stations de pompage 1R, 3R et 5R. | I56: 705000 | J56: U | K56: 3 | M56: ='S01'!M56+L56 | N56: =IFERROR(M56/K56,0) | O56: ='S01'!N56 | P56: =N56-O56 | U56: ='S01'!T56 | V56: =T56-U56 | W56: =N56-T56
B57: 53 | C57: Sidi Kacem | D57: SIDI EL KAMEL | E57: 50-21 | F57: Entretien et réparation des stations de pompage | G57: Mur clôture des stations de pompage. | H57: Stabilisation et reconstruction des murs clôture cote oued des stations de pompage 7A, 3R et 1R. | I57: 372000 | J57: ml | K57: 124 | M57: ='S01'!M57+L57 | N57: =IFERROR(M57/K57,0) | O57: ='S01'!N57 | P57: =N57-O57 | U57: ='S01'!T57 | V57: =T57-U57 | W57: =N57-T57
B58: 54 | C58: Kénitra | D58: Bni malek | E58: 50-23 | F58: Entretien et réparation du réseau d'assainissement et de drainage | G58: Travaux de curage des canaux en terre | H58: Curage des emissaires et colatures secondaire au niveau des secteurs MDA ET N9 | I58: 10000000 | J58: ml | K58: 5000 | M58: ='S01'!M58+L58 | N58: =IFERROR(M58/K58,0) | O58: ='S01'!N58 | P58: =N58-O58 | U58: ='S01'!T58 | V58: =T58-U58 | W58: =N58-T58
B59: 55 | C59: Kénitra | D59: Bni malek | E59: 40-21 | F59: Travaux de pistes | G59: Travaux de réhabilitation des pistes agricoles | H59: Entretien des pistes agricoles des secteurs MDA et N3 | I59: 2000000 | J59: km | K59: 4 | M59: ='S01'!M59+L59 | N59: =IFERROR(M59/K59,0) | O59: ='S01'!N59 | P59: =N59-O59 | U59: ='S01'!T59 | V59: =T59-U59 | W59: =N59-T59
B60: 56 | C60: Kénitra | D60: Bni malek | E60: 50-21 | F60: Entretien et réparation des stations de pompage | G60: Prestations de maintenance et de réparation mécanique des pompes et des groupes motopompes submersibles des stations de pompage. | H60: station de pompage MDA secteur MDA | I60: 300000 | J60: U | K60: 1 | M60: ='S01'!M60+L60 | N60: =IFERROR(M60/K60,0) | O60: ='S01'!N60 | P60: =N60-O60 | U60: ='S01'!T60 | V60: =T60-U60 | W60: =N60-T60
B61: 57 | C61: Kénitra | D61: Bni malek | E61: 20-11 | F61: Travaux de réhabilitation des équipements | G61: Travaux de réhabilitation des ouvrages de génie civil | H61: Rétablissement des bornes affaissées des secteurs N2 et N3 | I61: 100000 | J61: U | K61: 200 | M61: ='S01'!M61+L61 | N61: =IFERROR(M61/K61,0) | O61: ='S01'!N61 | P61: =N61-O61 | U61: ='S01'!T61 | V61: =T61-U61 | W61: =N61-T61
B62: 58 | C62: Kénitra | D62: SOUK TLET | E62: 50-23 | F62: Entretien et réparation du réseau d'assainissement et de drainage | G62: Travaux de curage des canaux en terre | H62: curage des emissaires et colatures secondaire au niveau des secteurs N2,N3 ET N4, | I62: 3000000 | J62: ml | K62: 1500 | M62: ='S01'!M62+L62 | N62: =IFERROR(M62/K62,0) | O62: ='S01'!N62 | P62: =N62-O62 | U62: ='S01'!T62 | V62: =T62-U62 | W62: =N62-T62
B63: 59 | C63: Kénitra | D63: SOUK TLET | E63: 40-21 | F63: Travaux de pistes | G63: Travaux de réhabilitation des pistes agricoles | H63: Entretien des pistes des secteurs N2,N3,N4 et C4R, | I63: 5000000 | J63: U | K63: 1 | M63: ='S01'!M63+L63 | N63: =IFERROR(M63/K63,0) | O63: ='S01'!N63 | P63: =N63-O63 | U63: ='S01'!T63 | V63: =T63-U63 | W63: =N63-T63
B64: 60 | C64: Kénitra | D64: Sidi Med Lahmar | E64: 50-23 | F64: Entretien et réparation du réseau d'assainissement et de drainage | G64: Travaux de curage des canaux en terre | H64: Curage des emissaires et colatures secondaires secteurs N1 | I64: 3000000 | J64: ml | K64: 1500 | M64: ='S01'!M64+L64 | N64: =IFERROR(M64/K64,0) | O64: ='S01'!N64 | P64: =N64-O64 | U64: ='S01'!T64 | V64: =T64-U64 | W64: =N64-T64
B65: 61 | C65: Kénitra | D65: Sidi Med Lahmar | E65: 40-21 | F65: Travaux de pistes | G65: Travaux de réhabilitation des pistes agricoles | H65: Entretien des pistes agricoles des secteurs N9 et N1 | I65: 3000000 | J65: km | K65: 6 | M65: ='S01'!M65+L65 | N65: =IFERROR(M65/K65,0) | O65: ='S01'!N65 | P65: =N65-O65 | U65: ='S01'!T65 | V65: =T65-U65 | W65: =N65-T65
... B76: 72 | C76: Sidi Slimane | D76: OULED HCEINE | E76: 50-23 | F76: Entretien et réparation du réseau d'assainissement et de drainage | G76: Travaux de curage des prises des stations de pompage. | H76: Curage des siphones des station de pompage EST2 et P11/2. | I76: 500000 | J76: ml | K76: 167 | M76: ='S01'!M76+L76 | N76: =IFERROR(M76/K76,0) | O76: ='S01'!N76 | P76: =N76-O76 | U76: ='S01'!T76 | V76: =T76-U76 | W76: =N76-T76
B77: TOTAL | I77: =SUM(I5:I76) | L77: =SUM(L5:L76) | M77: =SUM(M5:M76) | N77: =IFERROR(SUMPRODUCT(N5:N76,I5:I76)/I77,0) | O77: =IFERROR(SUMPRODUCT(O5:O76,I5:I76)/I77,0) | P77: =N77-O77 | Q77: =SUM(Q5:Q76) | R77: =SUM(R5:R76) | S77: =SUM(S5:S76) | T77: =IFERROR(SUMPRODUCT(T5:T76,I5:I76)/I77,0) | U77: =IFERROR(SUMPRODUCT(U5:U76,I5:I76)/I77,0) | V77: =T77-U77 | W77: =N77-T77

Sheet S03
B2: Suivi Hebdomadaire - Semaine 3 (12/01 - 18/01) — Janvier 2026 - Exécution Physique et Financière
B3: Date : | C3: 46034 | E3: IDENTIFICATION | J3: INDICATEURS PHYSIQUES | Q3: INDICATEURS FINANCIERS | W3: SYNTHÈSE
B4: N° | C4: Province | D4: Commune | E4: Rubrique | F4: Intitulé Rubrique | G4: Projet | H4: Consistance | I4: Coût Total (DH) | J4: Unité | K4: Qté Prévue | L4: Qté Réalisée Sem. | M4: Qté Réalisée Cumul | N4: Avancement Physique % | O4: % Phys. Sem. Préc. | P4: Accroissement Phys. % | Q4: Montant Décaissé (DH) | R4: Montant Payé (DH) | S4: Montant Ordonné (DH) | T4: Avancement Financier % | U4: % Fin. Sem. Préc. | V4: Accroissement Fin. % | W4: Écart Phys.-Fin. | X4: Observations
B5: 1 | C5: Sidi Kacem | D5: KHENICHET | E5: 50-23 | F5: Entretien et réparation du réseau d'assainissement et de drainage | G5: Travaux de curage des canaux en terre | H5: Curage des collecteurs d'assainissement du secteur EST2 | I5: 2091568 | J5: ml | K5: 1046 | M5: ='S02'!M5+L5 | N5: =IFERROR(M5/K5,0) | O5: ='S02'!N5 | P5: =N5-O5 | U5: ='S02'!T5 | V5: =T5-U5 | W5: =N5-T5
B6: 2 | C6: Sidi Kacem | D6: KHENICHET | E6: 40-21 | F6: Travaux de pistes | G6: Travaux de réhabilitation des pistes agricoles | H6: Entretien des pistes agricoles Douar Nouagra et Douar ouled Salem | I6: 78000 | J6: km | K6: 1 | M6: ='S02'!M6+L6 | N6: =IFERROR(M6/K6,0) | O6: ='S02'!N6 | P6: =N6-O6 | U6: ='S02'!T6 | V6: =T6-U6 | W6: =N6-T6
B7: 3 | C7: Sidi Kacem | D7: KHENICHET | E7: 50-23 | F7: Entretien et réparation du réseau d'assainissement et de drainage | G7: Curage des prises sur l’oued, bâche d’aspiration et bassin de régulation. | H7: Curage de la chambre des joints de démontage des siphonnes de la station de pompage EST2. | I7: 126000 | J7: ml | K7: 42 | M7: ='S02'!M7+L7 | N7: =IFERROR(M7/K7,0) | O7: ='S02'!N7 | P7: =N7-O7 | U7: ='S02'!T7 | V7: =T7-U7 | W7: =N7-T7
B8: 4 | C8: Sidi Kacem | D8: KHENICHET | E8: 50-21 | F8: Entretien et réparation des stations de pompage | G8: Prestation de maintenance des débitmètres et leurs équipements annexes installés au niveau des station de pompage | H8: Changement trois débitmètre Ø 600mm inondés de la station de pompage EST 2 et deux capteurs VEGASON 62 | I8: 165500 | J8: U | K8: 3 | M8: ='S02'!M8+L8 | N8: =IFERROR(M8/K8,0) | O8: ='S02'!N8 | P8: =N8-O8 | U8: ='S02'!T8 | V8: =T8-U8 | W8: =N8-T8
B9: 5 | C9: Sidi Kacem | D9: BIR TALEB | E9: 50-23 | F9: Entretien et réparation du réseau d'assainissement et de drainage | G9: Travaux de curage des canaux en terre | H9: Curage du canal d'assainisement Tihli Aval | I9: 1000000 | J9: ml | K9: 500 | M9: ='S02'!M9+L9 | N9: =IFERROR(M9/K9,0) | O9: ='S02'!N9 | P9: =N9-O9 | U9: ='S02'!T9 | V9: =T9-U9 | W9: =N9-T9
B10: 6 | C10: Sidi Kacem | D10: BIR TALEB | E10: 50-23 | F10: Entretien et réparation du réseau d'assainissement et de drainage | H10: Curage des collecteurs d'assainissement du secteur P11/1 | I10: 846731 | J10: ml | K10: 423 | M10: ='S02'!M10+L10 | N10: =IFERROR(M10/K10,0) | O10: ='S02'!N10 | P10: =N10-O10 | U10: ='S02'!T10 | V10: =T10-U10 | W10: =N10-T10
B11: 7 | C11: Sidi Kacem | D11: BIR TALEB | E11: 50-23 | F11: Entretien et réparation du réseau d'assainissement et de drainage | G11: Curage des prises sur l’oued, bâche d’aspiration et bassin de régulation. | H11: Curage des prises sur l’oued de la station de pompage P11/1. | I11: 200000 | J11: ml | K11: 67 | M11: ='S02'!M11+L11 | N11: =IFERROR(M11/K11,0) | O11: ='S02'!N11 | P11: =N11-O11 | U11: ='S02'!T11 | V11: =T11-U11 | W11: =N11-T11
B12: 8 | C12: Sidi Kacem | D12: BIR TALEB | E12: 50-21 | F12: Entretien et réparation des stations de pompage | G12: Prestation de maintenance des débitmètres et leurs équipements annexes installés au niveau des station de pompage | H12: Changement trois débitmètre Ø 400mm inondés de la station de pompage P11/1 | I12: 141900 | J12: U | K12: 3 | M12: ='S02'!M12+L12 | N12: =IFERROR(M12/K12,0) | O12: ='S02'!N12 | P12: =N12-O12 | U12: ='S02'!T12 | V12: =T12-U12 | W12: =N12-T12
B13: 9 | C13: Sidi Kacem | D13: BIR TALEB | E13: 50-21 | F13: Entretien et réparation des stations de pompage | G13: Prestations de maintenance et de réparation mécanique des pompes et des groupes motopompes submersibles des stations de pompage. | H13: Démontage et expertise des roues des pompes principaux et pompes a vide de la station P11/1 Changement des roulements, tresses et organes d’effectués de la station P11/1 | I13: 26700 | J13: U | K13: 1 | M13: ='S02'!M13+L13 | N13: =IFERROR(M13/K13,0) | O13: ='S02'!N13 | P13: =N13-O13 | U13: ='S02'!T13 | V13: =T13-U13 | W13: =N13-T13
B14: 10 | C14: Sidi Kacem | D14: BIR TALEB | E14: 50-21 | F14: Entretien et réparation des stations de pompage | G14: Stabilisation Berge oued | H14: Pose de gabions et recouvrement du talus par matelas Reno des stations de pompage P11/1. | I14: 480000 | J14: m³ | K14: 320 | M14: ='S02'!M14+L14 | N14: =IFERROR(M14/K14,0) | O14: ='S02'!N14 | P14: =N14-O14 | U14: ='S02'!T14 | V14: =T14-U14 | W14: =N14-T14
B15: 11 | C15: Sidi Kacem | D15: BIR TALEB | E15: 50-21 | F15: Entretien et réparation des stations de pompage | G15: Génie civile des locaux des stations de pompage. | H15: Expertise d’état et d’étanchéité des locaux pompes. Renforcement d’étanchéité des locaux pompe sous niveau des oueds des stations de pompage P11/1. Entretien des supports en béton des conduites d’aspiration. | I15: 300000 | J15: U | K15: 1 | M15: ='S02'!M15+L15 | N15: =IFERROR(M15/K15,0) | O15: ='S02'!N15 | P15: =N15-O15 | U15: ='S02'!T15 | V15: =T15-U15 | W15: =N15-T15
B16: 12 | C16: Sidi Kacem | D16: CHEBANAT | E16: 50-23 | F16: Entretien et réparation du réseau d'assainissement et de drainage | G16: Travaux de curage des canaux en terre | H16: Curage des collecteurs d'assainissement des secteur SH5 et SH6. | I16: 1000000 | J16: ml | K16: 500 | M16: ='S02'!M16+L16 | N16: =IFERROR(M16/K16,0) | O16: ='S02'!N16 | P16: =N16-O16 | U16: ='S02'!T16 | V16: =T16-U16 | W16: =N16-T16
B17: 13 | C17: Sidi Kacem | D17: CHEBANAT | E17: 50-23 | F17: Entretien et réparation du réseau d'assainissement et de drainage | G17: Travaux de curage des canaux révetus | H17: Curage du canal principal d'irrigation beht partie aval 1. | I17: 739200 | J17: ml | K17: 370 | M17: ='S02'!M17+L17 | N17: =IFERROR(M17/K17,0) | O17: ='S02'!N17 | P17: =N17-O17 | U17: ='S02'!T17 | V17: =T17-U17 | W17: =N17-T17
B18: 14 | C18: Sidi Kacem | D18: ZIRARA | E18: 50-23 | F18: Entretien et réparation du réseau d'assainissement et de drainage | G18: Travaux de curage des canaux révetus | H18: Curage du canal principal d'irrigation beht partie aval 2. | I18: 1276800 | J18: ml | K18: 638 | M18: ='S02'!M18+L18 | N18: =IFERROR(M18/K18,0) | O18: ='S02'!N18 | P18: =N18-O18 | U18: ='S02'!T18 | V18: =T18-U18 | W18: =N18-T18
B19: 15 | C19: Sidi Kacem | D19: DAR LAASLOUJI | E19: 50-23 | F19: Entretien et réparation du réseau d'assainissement et de drainage | G19: Travaux de curage des canaux en terre | H19: Curage des collecteurs d'assainissement des secteurs P8-1 et P8-2 | I19: 5796360 | J19: ml | K19: 2898 | M19: ='S02'!M19+L19 | N19: =IFERROR(M19/K19,0) | O19: ='S02'!N19 | P19: =N19-O19 | U19: ='S02'!T19 | V19: =T19-U19 | W19: =N19-T19
B20: 16 | C20: Sidi Kacem | D20: DAR LAASLOUJI | E20: 40-21 | F20: Travaux de pistes | G20: Entretien des pistes agricoles | H20: Entretien des pistes agricoles | I20: 340000 | J20: km | K20: 1 | M20: ='S02'!M20+L20 | N20: =IFERROR(M20/K20,0) | O20: ='S02'!N20 | P20: =N20-O20 | U20: ='S02'!T20 | V20: =T20-U20 | W20: =N20-T20
B21: 17 | C21: Sidi Kacem | D21: HOUAFATE | E21: 20-11 | F21: Travaux de réhabilitation des équipements | G21: Travaux de réhabilitation des canaux portés d'irrigation | H21: Fourniture et de pose de canaux porté et accessoires du réseau S3 du secteur S13 | I21: 397934 | J21: ml | K21: 133 | M21: ='S02'!M21+L21 | N21: =IFERROR(M21/K21,0) | O21: ='S02'!N21 | P21: =N21-O21 | U21: ='S02'!T21 | V21: =T21-U21 | W21: =N21-T21
B22: 18 | C22: Sidi Kacem | D22: HOUAFATE | E22: 20-11 | F22: Travaux de réhabilitation des équipements | H22: Fourniture et de pose de canaux porté et accessoires du réseau T2S1 du secteur S13 | I22: 207575 | J22: ml | K22: 69 | M22: ='S02'!M22+L22 | N22: =IFERROR(M22/K22,0) | O22: ='S02'!N22 | P22: =N22-O22 | U22: ='S02'!T22 | V22: =T22-U22 | W22: =N22-T22
B23: 19 | C23: Sidi Kacem | D23: HOUAFATE | E23: 40-21 | F23: Travaux de pistes | G23: Entretien des pistes agricoles | H23: Entretien des pistes agricoles | I23: 2200000 | J23: km | K23: 4 | M23: ='S02'!M23+L23 | N23: =IFERROR(M23/K23,0) | O23: ='S02'!N23 | P23: =N23-O23 | U23: ='S02'!T23 | V23: =T23-U23 | W23: =N23-T23
B24: 20 | C24: Sidi Kacem | D24: HOUAFATE | E24: 50-23 | F24: Entretien et réparation du réseau d'assainissement et de drainage | G24: Curage des prises sur l’oued, bâche d’aspiration et bassin de régulation. | H24: Curage des prises sur l’oued de la station de pompage S17 et S13. Nettoyage des grilles de préfiltration des boues colmaté de la station de pompage S17 et S13. Curage de la bâche d’aspiration de la station S17 et S13. | I24: 300000 | J24: ml | K24: 100 | M24: ='S02'!M24+L24 | N24: =IFERROR(M24/K24,0) | O24: ='S02'!N24 | P24: =N24-O24 | U24: ='S02'!T24 | V24: =T24-U24 | W24: =N24-T24
B25: 21 | C25: Sidi Kacem | D25: HOUAFATE | E25: 50-21 | F25: Entretien et réparation des stations de pompage | G25: Prestation de maintenance des débitmètres et leurs équipements annexes installés au niveau des station de pompage | H25: Changement trois débitmètre Ø 600mm inondés de la station de pompage S13. | I25: 250000 | J25: U | K25: 3 | M25: ='S02'!M25+L25 | N25: =IFERROR(M25/K25,0) | O25: ='S02'!N25 | P25: =N25-O25 | U25: ='S02'!T25 | V25: =T25-U25 | W25: =N25-T25
B26: 22 | C26: Sidi Kacem | D26: HOUAFATE | E26: 50-21 | F26: Entretien et réparation des stations de pompage | G26: Prestations de maintenance des moteurs électriques des stations de pompage. | H26: Révision des trois moteurs électriques 200 KW principaux de la station S13. Révision des deux moteurs électriques 5,5 KW groupes vide de la station S13. | I26: 25000 | J26: U | K26: 3 | M26: ='S02'!M26+L26 | N26: =IFERROR(M26/K26,0) | O26: ='S02'!N26 | P26: =N26-O26 | U26: ='S02'!T26 | V26: =T26-U26 | W26: =N26-T26
B27: 23 | C27: Sidi Kacem | D27: HOUAFATE | E27: 50-21 | F27: Entretien et réparation des stations de pompage | G27: Prestations de maintenance et de réparation mécanique des pompes et des groupes motopompes submersibles des stations de pompage. | H27: Démontage et expertise des roues des pompes principaux et pompes a vide de la station S13. Changement des roulements, tresses et organes d’effectués de la station S13. | I27: 38000 | J27: U | K27: 1 | M27: ='S02'!M27+L27 | N27: =IFERROR(M27/K27,0) | O27: ='S02'!N27 | P27: =N27-O27 | U27: ='S02'!T27 | V27: =T27-U27 | W27: =N27-T27
B28: 24 | C28: Sidi Kacem | D28: HOUAFATE | E28: 50-21 | F28: Entretien et réparation des stations de pompage | G28: Stabilisation Berge oued | H28: Pose de gabions et recouvrement du talus par matelas Reno des stations de pompage S13. | I28: 10560000 | J28: m³ | K28: 7040 | M28: ='S02'!M28+L28 | N28: =IFERROR(M28/K28,0) | O28: ='S02'!N28 | P28: =N28-O28 | U28: ='S02'!T28 | V28: =T28-U28 | W28: =N28-T28
B29: 25 | C29: Sidi Kacem | D29: HOUAFATE | E29: 50-21 | F29: Entretien et réparation des stations de pompage | G29: Mur clôture des stations de pompage. | H29: Stabilisation du sol et reconstruction des murs clôture (270m) cote oued de la station S17. | I29: 144000 | J29: ml | K29: 270 | M29: ='S02'!M29+L29 | N29: =IFERROR(M29/K29,0) | O29: ='S02'!N29 | P29: =N29-O29 | U29: ='S02'!T29 | V29: =T29-U29 | W29: =N29-T29
B30: 26 | C30: Sidi Kacem | D30: HOUAFATE | E30: 50-21 | F30: Entretien et réparation des stations de pompage | G30: Génie civile des locaux des stations de pompage. | H30: Expertise d’état et d’étanchéité des locaux pompes, commande, puissance des stations de pompage S17 et S13. Renforcement d’étanchéité des locaux pompe sous niveau des oueds des stations de pompage S17 et S13. | I30: 800000 | J30: U | K30: 1 | M30: ='S02'!M30+L30 | N30: =IFERROR(M30/K30,0) | O30: ='S02'!N30 | P30: =N30-O30 | U30: ='S02'!T30 | V30: =T30-U30 | W30: =N30-T30
B31: 27 | C31: Sidi Kacem | D31: NOUIRAT | E31: 50-23 | F31: Entretien et réparation du réseau d'assainissement et de drainage | G31: Travaux de curage des canaux en terre | H31: Curage des collecteurs d'assainissement des secteurs EST1 et N5 | I31: 1733306 | J31: ml | K31: 867 | M31: ='S02'!M31+L31 | N31: =IFERROR(M31/K31,0) | O31: ='S02'!N31 | P31: =N31-O31 | U31: ='S02'!T31 | V31: =T31-U31 | W31: =N31-T31
B32: 28 | C32: Sidi Kacem | D32: NOUIRAT | E32: 40-21 | F32: Travaux de pistes | G32: Entretien des pistes agricoles | H32: Entretien des pistes agricoles | I32: 670000 | J32: km | K32: 1 | M32: ='S02'!M32+L32 | N32: =IFERROR(M32/K32,0) | O32: ='S02'!N32 | P32: =N32-O32 | U32: ='S02'!T32 | V32: =T32-U32 | W32: =N32-T32
B33: 29 | C33: Sidi Kacem | D33: NOUIRAT | E33: 20-11 | F33: Travaux de réhabilitation des équipements | G33: Travaux de réhabilitation des ouvrages de génie civil | H33: Réhabilitation de l'ouvrage( genie civil ,gabiollannage,clapet anti retour et buse) de l'ouvrage de débouche SE1 | I33: 2500000 | J33: U | K33: 5 | M33: ='S02'!M33+L33 | N33: =IFERROR(M33/K33,0) | O33: ='S02'!N33 | P33: =N33-O33 | U33: ='S02'!T33 | V33: =T33-U33 | W33: =N33-T33
B34: 30 | C34: Sidi Kacem | D34: NOUIRAT | E34: 50-23 | F34: Entretien et réparation du réseau d'assainissement et de drainage | G34: Curage des prises sur l’oued, bâche d’aspiration et bassin de régulation. | H34: Curage des prises sur l’oued de la station de pompage E1. Nettoyage des grilles de préfiltration des boues colmaté de la station de pompage E1. Curage de la bâche d’aspiration de la station E1. | I34: 800000 | J34: ml | K34: 267 | M34: ='S02'!M34+L34 | N34: =IFERROR(M34/K34,0) | O34: ='S02'!N34 | P34: =N34-O34 | U34: ='S02'!T34 | V34: =T34-U34 | W34: =N34-T34
... B42: 38 | C42: Sidi Kacem | D42: SAFSAF | E42: 20-11 | F42: Travaux de réhabilitation des équipements | G42: Travaux de réhabilitation des canaux portés d'irrigation | H42: Fourniture et pose de canaux porté et accessoires du réseau S4 du secteur S11 | I42: 232266 | J42: ml | K42: 77 | M42: ='S02'!M42+L42 | N42: =IFERROR(M42/K42,0) | O42: ='S02'!N42 | P42: =N42-O42 | U42: ='S02'!T42 | V42: =T42-U42 | W42: =N42-T42
B43: 39 | C43: Sidi Kacem | D43: SAFSAF | E43: 20-11 | F43: Travaux de réhabilitation des équipements | H43: Recalage des canaux portés du réseau T5S5 du secteur S9 | I43: 1055025 | J43: ml | K43: 352 | M43: ='S02'!M43+L43 | N43: =IFERROR(M43/K43,0) | O43: ='S02'!N43 | P43: =N43-O43 | U43: ='S02'!T43 | V43: =T43-U43 | W43: =N43-T43
B44: 40 | C44: Sidi Kacem | D44: SAFSAF | E44: 20-11 | F44: Travaux de réhabilitation des équipements | H44: Recalage des canaux portés du réseau T7S5 du secteur S9 | I44: 1004535 | J44: ml | K44: 335 | M44: ='S02'!M44+L44 | N44: =IFERROR(M44/K44,0) | O44: ='S02'!N44 | P44: =N44-O44 | U44: ='S02'!T44 | V44: =T44-U44 | W44: =N44-T44
B45: 41 | C45: Sidi Kacem | D45: SAFSAF | E45: 20-11 | F45: Travaux de réhabilitation des équipements | H45: Recalage des canaux portés du réseau T2S5 du secteur S9 | I45: 793830 | J45: ml | K45: 265 | M45: ='S02'!M45+L45 | N45: =IFERROR(M45/K45,0) | O45: ='S02'!N45 | P45: =N45-O45 | U45: ='S02'!T45 | V45: =T45-U45 | W45: =N45-T45
B46: 42 | C46: Sidi Kacem | D46: SAFSAF | E46: 40-21 | F46: Travaux de pistes | G46: Entretien des pistes agricoles | H46: Entretien des pistes agricoles | I46: 2000000 | J46: km | K46: 4 | M46: ='S02'!M46+L46 | N46: =IFERROR(M46/K46,0) | O46: ='S02'!N46 | P46: =N46-O46 | U46: ='S02'!T46 | V46: =T46-U46 | W46: =N46-T46
B47: 43 | C47: Sidi Kacem | D47: SAFSAF | E47: 50-23 | F47: Entretien et réparation du réseau d'assainissement et de drainage | G47: Curage des prises sur l’oued, bâche d’aspiration et bassin de régulation. | H47: Curage des prises sur l’oued des stations de pompage S11, S9, 7D et 7B. Nettoyage des grilles de préfiltration des boues colmaté des stations de pompage S11, S9, 7D et 7B. Nettoyage des crépines des boues colmaté de station pompage 7D. Curage des dalots et bâche d’aspiration des stations de pompage S11, S9, 7B. | I47: 200000 | J47: ml | K47: 67 | M47: ='S02'!M47+L47 | N47: =IFERROR(M47/K47,0) | O47: ='S02'!N47 | P47: =N47-O47 | U47: ='S02'!T47 | V47: =T47-U47 | W47: =N47-T47
B48: 44 | C48: Sidi Kacem | D48: SAFSAF | E48: 50-21 | F48: Entretien et réparation des stations de pompage | G48: Prestation de maintenance des débitmètres et leurs équipements annexes installés au niveau des station de pompage | H48: Changements Sept des débitmètres Ø 600mm inondé des deux stations de pompage S11 et S9. | I48: 580000 | J48: U | K48: 7 | M48: ='S02'!M48+L48 | N48: =IFERROR(M48/K48,0) | O48: ='S02'!N48 | P48: =N48-O48 | U48: ='S02'!T48 | V48: =T48-U48 | W48: =N48-T48
B49: 45 | C49: Sidi Kacem | D49: SAFSAF | E49: 50-21 | F49: Entretien et réparation des stations de pompage | G49: Stabilisation Berge oued | H49: Pose de murs en gabions et recouvrement du talus par matelas Reno des stations de pompage S11, S9, 7D et 7B . | I49: 4000000 | J49: m³ | K49: 2667 | M49: ='S02'!M49+L49 | N49: =IFERROR(M49/K49,0) | O49: ='S02'!N49 | P49: =N49-O49 | U49: ='S02'!T49 | V49: =T49-U49 | W49: =N49-T49
B50: 46 | C50: Sidi Kacem | D50: SIDI AZZOUZ | E50: 40-21 | F50: Travaux de pistes | G50: Entretien des pistes agricoles | H50: Entretien des pistes agricoles | I50: 655000 | J50: km | K50: 1 | M50: ='S02'!M50+L50 | N50: =IFERROR(M50/K50,0) | O50: ='S02'!N50 | P50: =N50-O50 | U50: ='S02'!T50 | V50: =T50-U50 | W50: =N50-T50
B51: 47 | C51: Sidi Kacem | D51: SIDI EL KAMEL | E51: 20-11 | F51: Travaux de réhabilitation des équipements | G51: Travaux de réhabilitation des canaux portés d'irrigation | H51: Fourniture et de pose de canaux porté et accessoires du réseau SR4 du secteur S3R | I51: 5182920 | J51: ml | K51: 1728 | M51: ='S02'!M51+L51 | N51: =IFERROR(M51/K51,0) | O51: ='S02'!N51 | P51: =N51-O51 | U51: ='S02'!T51 | V51: =T51-U51 | W51: =N51-T51
B52: 48 | C52: Sidi Kacem | D52: SIDI EL KAMEL | E52: 20-11 | F52: Travaux de réhabilitation des équipements | H52: Fourniture et de pose de canaux porté et accessoires du réseau SR6 du secteur S1RIZ | I52: 152818 | J52: ml | K52: 51 | M52: ='S02'!M52+L52 | N52: =IFERROR(M52/K52,0) | O52: ='S02'!N52 | P52: =N52-O52 | U52: ='S02'!T52 | V52: =T52-U52 | W52: =N52-T52
B53: 49 | C53: Sidi Kacem | D53: SIDI EL KAMEL | E53: 20-11 | F53: Travaux de réhabilitation des équipements | H53: Recalage des canaux portés du réseau SR4 du secteur S3R | I53: 1418000 | J53: ml | K53: 473 | M53: ='S02'!M53+L53 | N53: =IFERROR(M53/K53,0) | O53: ='S02'!N53 | P53: =N53-O53 | U53: ='S02'!T53 | V53: =T53-U53 | W53: =N53-T53
B54: 50 | C54: Sidi Kacem | D54: SIDI EL KAMEL | E54: 20-11 | F54: Travaux de réhabilitation des équipements | G54: Travaux de réhabilitation des ouvrages de génie civil | H54: Réhabilitation des murs de soutènements des ouvrages de franchissements du canal d'assainissement CS3 secteur S3 et de l’ouvrage de franchissement du canal primaire d’irrigation du secteur S1R au niveau de la route provinciale P4234 | I54: 800000 | J54: ml | K54: 400 | M54: ='S02'!M54+L54 | N54: =IFERROR(M54/K54,0) | O54: ='S02'!N54 | P54: =N54-O54 | U54: ='S02'!T54 | V54: =T54-U54 | W54: =N54-T54
B55: 51 | C55: Sidi Kacem | D55: SIDI EL KAMEL | E55: 40-21 | F55: Travaux de pistes | G55: Entretien des pistes agricoles | H55: Entretien des pistes agricoles | I55: 3700000 | J55: km | K55: 7 | M55: ='S02'!M55+L55 | N55: =IFERROR(M55/K55,0) | O55: ='S02'!N55 | P55: =N55-O55 | U55: ='S02'!T55 | V55: =T55-U55 | W55: =N55-T55
B56: 52 | C56: Sidi Kacem | D56: SIDI EL KAMEL | E56: 50-21 | F56: Entretien et réparation des stations de pompage | G56: Prestation de maintenance des débitmètres et leurs équipements annexes installés au niveau des station de pompage | H56: Changement de quatre débitmètres Ø 500mm et trois Ø 800mm inondé des stations de pompage 1R, 3R et 5R. | I56: 705000 | J56: U | K56: 3 | M56: ='S02'!M56+L56 | N56: =IFERROR(M56/K56,0) | O56: ='S02'!N56 | P56: =N56-O56 | U56: ='S02'!T56 | V56: =T56-U56 | W56: =N56-T56
B57: 53 | C57: Sidi Kacem | D57: SIDI EL KAMEL | E57: 50-21 | F57: Entretien et réparation des stations de pompage | G57: Mur clôture des stations de pompage. | H57: Stabilisation et reconstruction des murs clôture cote oued des stations de pompage 7A, 3R et 1R. | I57: 372000 | J57: ml | K57: 124 | M57: ='S02'!M57+L57 | N57: =IFERROR(M57/K57,0) | O57: ='S02'!N57 | P57: =N57-O57 | U57: ='S02'!T57 | V57: =T57-U57 | W57: =N57-T57
B58: 54 | C58: Kénitra | D58: Bni malek | E58: 50-23 | F58: Entretien et réparation du réseau d'assainissement et de drainage | G58: Travaux de curage des canaux en terre | H58: Curage des emissaires et colatures secondaire au niveau des secteurs MDA ET N9 | I58: 10000000 | J58: ml | K58: 5000 | M58: ='S02'!M58+L58 | N58: =IFERROR(M58/K58,0) | O58: ='S02'!N58 | P58: =N58-O58 | U58: ='S02'!T58 | V58: =T58-U58 | W58: =N58-T58
B59: 55 | C59: Kénitra | D59: Bni malek | E59: 40-21 | F59: Travaux de pistes | G59: Travaux de réhabilitation des pistes agricoles | H59: Entretien des pistes agricoles des secteurs MDA et N3 | I59: 2000000 | J59: km | K59: 4 | M59: ='S02'!M59+L59 | N59: =IFERROR(M59/K59,0) | O59: ='S02'!N59 | P59: =N59-O59 | U59: ='S02'!T59 | V59: =T59-U59 | W59: =N59-T59
B60: 56 | C60: Kénitra | D60: Bni malek | E60: 50-21 | F60: Entretien et réparation des stations de pompage | G60: Prestations de maintenance et de réparation mécanique des pompes et des groupes motopompes submersibles des stations de pompage. | H60: station de pompage MDA secteur MDA | I60: 300000 | J60: U | K60: 1 | M60: ='S02'!M60+L60 | N60: =IFERROR(M60/K60,0) | O60: ='S02'!N60 | P60: =N60-O60 | U60: ='S02'!T60 | V60: =T60-U60 | W60: =N60-T60
B61: 57 | C61: Kénitra | D61: Bni malek | E61: 20-11 | F61: Travaux de réhabilitation des équipements | G61: Travaux de réhabilitation des ouvrages de génie civil | H61: Rétablissement des bornes affaissées des secteurs N2 et N3 | I61: 100000 | J61: U | K61: 200 | M61: ='S02'!M61+L61 | N61: =IFERROR(M61/K61,0) | O61: ='S02'!N61 | P61: =N61-O61 | U61: ='S02'!T61 | V61: =T61-U61 | W61: =N61-T61
B62: 58 | C62: Kénitra | D62: SOUK TLET | E62: 50-23 | F62: Entretien et réparation du réseau d'assainissement et de drainage | G62: Travaux de curage des canaux en terre | H62: curage des emissaires et colatures secondaire au niveau des secteurs N2,N3 ET N4, | I62: 3000000 | J62: ml | K62: 1500 | M62: ='S02'!M62+L62 | N62: =IFERROR(M62/K62,0) | O62: ='S02'!N62 | P62: =N62-O62 | U62: ='S02'!T62 | V62: =T62-U62 | W62: =N62-T62
B63: 59 | C63: Kénitra | D63: SOUK TLET | E63: 40-21 | F63: Travaux de pistes | G63: Travaux de réhabilitation des pistes agricoles | H63: Entretien des pistes des secteurs N2,N3,N4 et C4R, | I63: 5000000 | J63: U | K63: 1 | M63: ='S02'!M63+L63 | N63: =IFERROR(M63/K63,0) | O63: ='S02'!N63 | P63: =N63-O63 | U63: ='S02'!T63 | V63: =T63-U63 | W63: =N63-T63
B64: 60 | C64: Kénitra | D64: Sidi Med Lahmar | E64: 50-23 | F64: Entretien et réparation du réseau d'assainissement et de drainage | G64: Travaux de curage des canaux en terre | H64: Curage des emissaires et colatures secondaires secteurs N1 | I64: 3000000 | J64: ml | K64: 1500 | M64: ='S02'!M64+L64 | N64: =IFERROR(M64/K64,0) | O64: ='S02'!N64 | P64: =N64-O64 | U64: ='S02'!T64 | V64: =T64-U64 | W64: =N64-T64
B65: 61 | C65: Kénitra | D65: Sidi Med Lahmar | E65: 40-21 | F65: Travaux de pistes | G65: Travaux de réhabilitation des pistes agricoles | H65: Entretien des pistes agricoles des secteurs N9 et N1 | I65: 3000000 | J65: km | K65: 6 | M65: ='S02'!M65+L65 | N65: =IFERROR(M65/K65,0) | O65: ='S02'!N65 | P65: =N65-O65 | U65: ='S02'!T65 | V65: =T65-U65 | W65: =N65-T65
... B76: 72 | C76: Sidi Slimane | D76: OULED HCEINE | E76: 50-23 | F76: Entretien et réparation du réseau d'assainissement et de drainage | G76: Travaux de curage des prises des stations de pompage. | H76: Curage des siphones des station de pompage EST2 et P11/2. | I76: 500000 | J76: ml | K76: 167 | M76: ='S02'!M76+L76 | N76: =IFERROR(M76/K76,0) | O76: ='S02'!N76 | P76: =N76-O76 | U76: ='S02'!T76 | V76: =T76-U76 | W76: =N76-T76
B77: TOTAL | I77: =SUM(I5:I76) | L77: =SUM(L5:L76) | M77: =SUM(M5:M76) | N77: =IFERROR(SUMPRODUCT(N5:N76,I5:I76)/I77,0) | O77: =IFERROR(SUMPRODUCT(O5:O76,I5:I76)/I77,0) | P77: =N77-O77 | Q77: =SUM(Q5:Q76) | R77: =SUM(R5:R76) | S77: =SUM(S5:S76) | T77: =IFERROR(SUMPRODUCT(T5:T76,I5:I76)/I77,0) | U77: =IFERROR(SUMPRODUCT(U5:U76,I5:I76)/I77,0) | V77: =T77-U77 | W77: =N77-T77

Sheet S04
B2: Suivi Hebdomadaire - Semaine 4 (19/01 - 25/01) — Janvier 2026 - Exécution Physique et Financière
B3: Date : | C3: 46041 | E3: IDENTIFICATION | J3: INDICATEURS PHYSIQUES | Q3: INDICATEURS FINANCIERS | W3: SYNTHÈSE
B4: N° | C4: Province | D4: Commune | E4: Rubrique | F4: Intitulé Rubrique | G4: Projet | H4: Consistance | I4: Coût Total (DH) | J4: Unité | K4: Qté Prévue | L4: Qté Réalisée Sem. | M4: Qté Réalisée Cumul | N4: Avancement Physique % | O4: % Phys. Sem. Préc. | P4: Accroissement Phys. % | Q4: Montant Décaissé (DH) | R4: Montant Payé (DH) | S4: Montant Ordonné (DH) | T4: Avancement Financier % | U4: % Fin. Sem. Préc. | V4: Accroissement Fin. % | W4: Écart Phys.-Fin. | X4: Observations
B5: 1 | C5: Sidi Kacem | D5: KHENICHET | E5: 50-23 | F5: Entretien et réparation du réseau d'assainissement et de drainage | G5: Travaux de curage des canaux en terre | H5: Curage des collecteurs d'assainissement du secteur EST2 | I5: 2091568 | J5: ml | K5: 1046 | M5: ='S03'!M5+L5 | N5: =IFERROR(M5/K5,0) | O5: ='S03'!N5 | P5: =N5-O5 | U5: ='S03'!T5 | V5: =T5-U5 | W5: =N5-T5
B6: 2 | C6: Sidi Kacem | D6: KHENICHET | E6: 40-21 | F6: Travaux de pistes | G6: Travaux de réhabilitation des pistes agricoles | H6: Entretien des pistes agricoles Douar Nouagra et Douar ouled Salem | I6: 78000 | J6: km | K6: 1 | M6: ='S03'!M6+L6 | N6: =IFERROR(M6/K6,0) | O6: ='S03'!N6 | P6: =N6-O6 | U6: ='S03'!T6 | V6: =T6-U6 | W6: =N6-T6
B7: 3 | C7: Sidi Kacem | D7: KHENICHET | E7: 50-23 | F7: Entretien et réparation du réseau d'assainissement et de drainage | G7: Curage des prises sur l’oued, bâche d’aspiration et bassin de régulation. | H7: Curage de la chambre des joints de démontage des siphonnes de la station de pompage EST2. | I7: 126000 | J7: ml | K7: 42 | M7: ='S03'!M7+L7 | N7: =IFERROR(M7/K7,0) | O7: ='S03'!N7 | P7: =N7-O7 | U7: ='S03'!T7 | V7: =T7-U7 | W7: =N7-T7
B8: 4 | C8: Sidi Kacem | D8: KHENICHET | E8: 50-21 | F8: Entretien et réparation des stations de pompage | G8: Prestation de maintenance des débitmètres et leurs équipements annexes installés au niveau des station de pompage | H8: Changement trois débitmètre Ø 600mm inondés de la station de pompage EST 2 et deux capteurs VEGASON 62 | I8: 165500 | J8: U | K8: 3 | M8: ='S03'!M8+L8 | N8: =IFERROR(M8/K8,0) | O8: ='S03'!N8 | P8: =N8-O8 | U8: ='S03'!T8 | V8: =T8-U8 | W8: =N8-T8
B9: 5 | C9: Sidi Kacem | D9: BIR TALEB | E9: 50-23 | F9: Entretien et réparation du réseau d'assainissement et de drainage | G9: Travaux de curage des canaux en terre | H9: Curage du canal d'assainisement Tihli Aval | I9: 1000000 | J9: ml | K9: 500 | M9: ='S03'!M9+L9 | N9: =IFERROR(M9/K9,0) | O9: ='S03'!N9 | P9: =N9-O9 | U9: ='S03'!T9 | V9: =T9-U9 | W9: =N9-T9
B10: 6 | C10: Sidi Kacem | D10: BIR TALEB | E10: 50-23 | F10: Entretien et réparation du réseau d'assainissement et de drainage | H10: Curage des collecteurs d'assainissement du secteur P11/1 | I10: 846731 | J10: ml | K10: 423 | M10: ='S03'!M10+L10 | N10: =IFERROR(M10/K10,0) | O10: ='S03'!N10 | P10: =N10-O10 | U10: ='S03'!T10 | V10: =T10-U10 | W10: =N10-T10
B11: 7 | C11: Sidi Kacem | D11: BIR TALEB | E11: 50-23 | F11: Entretien et réparation du réseau d'assainissement et de drainage | G11: Curage des prises sur l’oued, bâche d’aspiration et bassin de régulation. | H11: Curage des prises sur l’oued de la station de pompage P11/1. | I11: 200000 | J11: ml | K11: 67 | M11: ='S03'!M11+L11 | N11: =IFERROR(M11/K11,0) | O11: ='S03'!N11 | P11: =N11-O11 | U11: ='S03'!T11 | V11: =T11-U11 | W11: =N11-T11
B12: 8 | C12: Sidi Kacem | D12: BIR TALEB | E12: 50-21 | F12: Entretien et réparation des stations de pompage | G12: Prestation de maintenance des débitmètres et leurs équipements annexes installés au niveau des station de pompage | H12: Changement trois débitmètre Ø 400mm inondés de la station de pompage P11/1 | I12: 141900 | J12: U | K12: 3 | M12: ='S03'!M12+L12 | N12: =IFERROR(M12/K12,0) | O12: ='S03'!N12 | P12: =N12-O12 | U12: ='S03'!T12 | V12: =T12-U12 | W12: =N12-T12
B13: 9 | C13: Sidi Kacem | D13: BIR TALEB | E13: 50-21 | F13: Entretien et réparation des stations de pompage | G13: Prestations de maintenance et de réparation mécanique des pompes et des groupes motopompes submersibles des stations de pompage. | H13: Démontage et expertise des roues des pompes principaux et pompes a vide de la station P11/1 Changement des roulements, tresses et organes d’effectués de la station P11/1 | I13: 26700 | J13: U | K13: 1 | M13: ='S03'!M13+L13 | N13: =IFERROR(M13/K13,0) | O13: ='S03'!N13 | P13: =N13-O13 | U13: ='S03'!T13 | V13: =T13-U13 | W13: =N13-T13
B14: 10 | C14: Sidi Kacem | D14: BIR TALEB | E14: 50-21 | F14: Entretien et réparation des stations de pompage | G14: Stabilisation Berge oued | H14: Pose de gabions et recouvrement du talus par matelas Reno des stations de pompage P11/1. | I14: 480000 | J14: m³ | K14: 320 | M14: ='S03'!M14+L14 | N14: =IFERROR(M14/K14,0) | O14: ='S03'!N14 | P14: =N14-O14 | U14: ='S03'!T14 | V14: =T14-U14 | W14: =N14-T14
B15: 11 | C15: Sidi Kacem | D15: BIR TALEB | E15: 50-21 | F15: Entretien et réparation des stations de pompage | G15: Génie civile des locaux des stations de pompage. | H15: Expertise d’état et d’étanchéité des locaux pompes. Renforcement d’étanchéité des locaux pompe sous niveau des oueds des stations de pompage P11/1. Entretien des supports en béton des conduites d’aspiration. | I15: 300000 | J15: U | K15: 1 | M15: ='S03'!M15+L15 | N15: =IFERROR(M15/K15,0) | O15: ='S03'!N15 | P15: =N15-O15 | U15: ='S03'!T15 | V15: =T15-U15 | W15: =N15-T15
B16: 12 | C16: Sidi Kacem | D16: CHEBANAT | E16: 50-23 | F16: Entretien et réparation du réseau d'assainissement et de drainage | G16: Travaux de curage des canaux en terre | H16: Curage des collecteurs d'assainissement des secteur SH5 et SH6. | I16: 1000000 | J16: ml | K16: 500 | M16: ='S03'!M16+L16 | N16: =IFERROR(M16/K16,0) | O16: ='S03'!N16 | P16: =N16-O16 | U16: ='S03'!T16 | V16: =T16-U16 | W16: =N16-T16
B17: 13 | C17: Sidi Kacem | D17: CHEBANAT | E17: 50-23 | F17: Entretien et réparation du réseau d'assainissement et de drainage | G17: Travaux de curage des canaux révetus | H17: Curage du canal principal d'irrigation beht partie aval 1. | I17: 739200 | J17: ml | K17: 370 | M17: ='S03'!M17+L17 | N17: =IFERROR(M17/K17,0) | O17: ='S03'!N17 | P17: =N17-O17 | U17: ='S03'!T17 | V17: =T17-U17 | W17: =N17-T17
B18: 14 | C18: Sidi Kacem | D18: ZIRARA | E18: 50-23 | F18: Entretien et réparation du réseau d'assainissement et de drainage | G18: Travaux de curage des canaux révetus | H18: Curage du canal principal d'irrigation beht partie aval 2. | I18: 1276800 | J18: ml | K18: 638 | M18: ='S03'!M18+L18 | N18: =IFERROR(M18/K18,0) | O18: ='S03'!N18 | P18: =N18-O18 | U18: ='S03'!T18 | V18: =T18-U18 | W18: =N18-T18
B19: 15 | C19: Sidi Kacem | D19: DAR LAASLOUJI | E19: 50-23 | F19: Entretien et réparation du réseau d'assainissement et de drainage | G19: Travaux de curage des canaux en terre | H19: Curage des collecteurs d'assainissement des secteurs P8-1 et P8-2 | I19: 5796360 | J19: ml | K19: 2898 | M19: ='S03'!M19+L19 | N19: =IFERROR(M19/K19,0) | O19: ='S03'!N19 | P19: =N19-O19 | U19: ='S03'!T19 | V19: =T19-U19 | W19: =N19-T19
B20: 16 | C20: Sidi Kacem | D20: DAR LAASLOUJI | E20: 40-21 | F20: Travaux de pistes | G20: Entretien des pistes agricoles | H20: Entretien des pistes agricoles | I20: 340000 | J20: km | K20: 1 | M20: ='S03'!M20+L20 | N20: =IFERROR(M20/K20,0) | O20: ='S03'!N20 | P20: =N20-O20 | U20: ='S03'!T20 | V20: =T20-U20 | W20: =N20-T20
B21: 17 | C21: Sidi Kacem | D21: HOUAFATE | E21: 20-11 | F21: Travaux de réhabilitation des équipements | G21: Travaux de réhabilitation des canaux portés d'irrigation | H21: Fourniture et de pose de canaux porté et accessoires du réseau S3 du secteur S13 | I21: 397934 | J21: ml | K21: 133 | M21: ='S03'!M21+L21 | N21: =IFERROR(M21/K21,0) | O21: ='S03'!N21 | P21: =N21-O21 | U21: ='S03'!T21 | V21: =T21-U21 | W21: =N21-T21
B22: 18 | C22: Sidi Kacem | D22: HOUAFATE | E22: 20-11 | F22: Travaux de réhabilitation des équipements | H22: Fourniture et de pose de canaux porté et accessoires du réseau T2S1 du secteur S13 | I22: 207575 | J22: ml | K22: 69 | M22: ='S03'!M22+L22 | N22: =IFERROR(M22/K22,0) | O22: ='S03'!N22 | P22: =N22-O22 | U22: ='S03'!T22 | V22: =T22-U22 | W22: =N22-T22
B23: 19 | C23: Sidi Kacem | D23: HOUAFATE | E23: 40-21 | F23: Travaux de pistes | G23: Entretien des pistes agricoles | H23: Entretien des pistes agricoles | I23: 2200000 | J23: km | K23: 4 | M23: ='S03'!M23+L23 | N23: =IFERROR(M23/K23,0) | O23: ='S03'!N23 | P23: =N23-O23 | U23: ='S03'!T23 | V23: =T23-U23 | W23: =N23-T23
B24: 20 | C24: Sidi Kacem | D24: HOUAFATE | E24: 50-23 | F24: Entretien et réparation du réseau d'assainissement et de drainage | G24: Curage des prises sur l’oued, bâche d’aspiration et bassin de régulation. | H24: Curage des prises sur l’oued de la station de pompage S17 et S13. Nettoyage des grilles de préfiltration des boues colmaté de la station de pompage S17 et S13. Curage de la bâche d’aspiration de la station S17 et S13. | I24: 300000 | J24: ml | K24: 100 | M24: ='S03'!M24+L24 | N24: =IFERROR(M24/K24,0) | O24: ='S03'!N24 | P24: =N24-O24 | U24: ='S03'!T24 | V24: =T24-U24 | W24: =N24-T24
B25: 21 | C25: Sidi Kacem | D25: HOUAFATE | E25: 50-21 | F25: Entretien et réparation des stations de pompage | G25: Prestation de maintenance des débitmètres et leurs équipements annexes installés au niveau des station de pompage | H25: Changement trois débitmètre Ø 600mm inondés de la station de pompage S13. | I25: 250000 | J25: U | K25: 3 | M25: ='S03'!M25+L25 | N25: =IFERROR(M25/K25,0) | O25: ='S03'!N25 | P25: =N25-O25 | U25: ='S03'!T25 | V25: =T25-U25 | W25: =N25-T25
B26: 22 | C26: Sidi Kacem | D26: HOUAFATE | E26: 50-21 | F26: Entretien et réparation des stations de pompage | G26: Prestations de maintenance des moteurs électriques des stations de pompage. | H26: Révision des trois moteurs électriques 200 KW principaux de la station S13. Révision des deux moteurs électriques 5,5 KW groupes vide de la station S13. | I26: 25000 | J26: U | K26: 3 | M26: ='S03'!M26+L26 | N26: =IFERROR(M26/K26,0) | O26: ='S03'!N26 | P26: =N26-O26 | U26: ='S03'!T26 | V26: =T26-U26 | W26: =N26-T26
B27: 23 | C27: Sidi Kacem | D27: HOUAFATE | E27: 50-21 | F27: Entretien et réparation des stations de pompage | G27: Prestations de maintenance et de réparation mécanique des pompes et des groupes motopompes submersibles des stations de pompage. | H27: Démontage et expertise des roues des pompes principaux et pompes a vide de la station S13. Changement des roulements, tresses et organes d’effectués de la station S13. | I27: 38000 | J27: U | K27: 1 | M27: ='S03'!M27+L27 | N27: =IFERROR(M27/K27,0) | O27: ='S03'!N27 | P27: =N27-O27 | U27: ='S03'!T27 | V27: =T27-U27 | W27: =N27-T27
B28: 24 | C28: Sidi Kacem | D28: HOUAFATE | E28: 50-21 | F28: Entretien et réparation des stations de pompage | G28: Stabilisation Berge oued | H28: Pose de gabions et recouvrement du talus par matelas Reno des stations de pompage S13. | I28: 10560000 | J28: m³ | K28: 7040 | M28: ='S03'!M28+L28 | N28: =IFERROR(M28/K28,0) | O28: ='S03'!N28 | P28: =N28-O28 | U28: ='S03'!T28 | V28: =T28-U28 | W28: =N28-T28
B29: 25 | C29: Sidi Kacem | D29: HOUAFATE | E29: 50-21 | F29: Entretien et réparation des stations de pompage | G29: Mur clôture des stations de pompage. | H29: Stabilisation du sol et reconstruction des murs clôture (270m) cote oued de la station S17. | I29: 144000 | J29: ml | K29: 270 | M29: ='S03'!M29+L29 | N29: =IFERROR(M29/K29,0) | O29: ='S03'!N29 | P29: =N29-O29 | U29: ='S03'!T29 | V29: =T29-U29 | W29: =N29-T29
B30: 26 | C30: Sidi Kacem | D30: HOUAFATE | E30: 50-21 | F30: Entretien et réparation des stations de pompage | G30: Génie civile des locaux des stations de pompage. | H30: Expertise d’état et d’étanchéité des locaux pompes, commande, puissance des stations de pompage S17 et S13. Renforcement d’étanchéité des locaux pompe sous niveau des oueds des stations de pompage S17 et S13. | I30: 800000 | J30: U | K30: 1 | M30: ='S03'!M30+L30 | N30: =IFERROR(M30/K30,0) | O30: ='S03'!N30 | P30: =N30-O30 | U30: ='S03'!T30 | V30: =T30-U30 | W30: =N30-T30
B31: 27 | C31: Sidi Kacem | D31: NOUIRAT | E31: 50-23 | F31: Entretien et réparation du réseau d'assainissement et de drainage | G31: Travaux de curage des canaux en terre | H31: Curage des collecteurs d'assainissement des secteurs EST1 et N5 | I31: 1733306 | J31: ml | K31: 867 | M31: ='S03'!M31+L31 | N31: =IFERROR(M31/K31,0) | O31: ='S03'!N31 | P31: =N31-O31 | U31: ='S03'!T31 | V31: =T31-U31 | W31: =N31-T31
B32: 28 | C32: Sidi Kacem | D32: NOUIRAT | E32: 40-21 | F32: Travaux de pistes | G32: Entretien des pistes agricoles | H32: Entretien des pistes agricoles | I32: 670000 | J32: km | K32: 1 | M32: ='S03'!M32+L32 | N32: =IFERROR(M32/K32,0) | O32: ='S03'!N32 | P32: =N32-O32 | U32: ='S03'!T32 | V32: =T32-U32 | W32: =N32-T32
B33: 29 | C33: Sidi Kacem | D33: NOUIRAT | E33: 20-11 | F33: Travaux de réhabilitation des équipements | G33: Travaux de réhabilitation des ouvrages de génie civil | H33: Réhabilitation de l'ouvrage( genie civil ,gabiollannage,clapet anti retour et buse) de l'ouvrage de débouche SE1 | I33: 2500000 | J33: U | K33: 5 | M33: ='S03'!M33+L33 | N33: =IFERROR(M33/K33,0) | O33: ='S03'!N33 | P33: =N33-O33 | U33: ='S03'!T33 | V33: =T33-U33 | W33: =N33-T33
B34: 30 | C34: Sidi Kacem | D34: NOUIRAT | E34: 50-23 | F34: Entretien et réparation du réseau d'assainissement et de drainage | G34: Curage des prises sur l’oued, bâche d’aspiration et bassin de régulation. | H34: Curage des prises sur l’oued de la station de pompage E1. Nettoyage des grilles de préfiltration des boues colmaté de la station de pompage E1. Curage de la bâche d’aspiration de la station E1. | I34: 800000 | J34: ml | K34: 267 | M34: ='S03'!M34+L34 | N34: =IFERROR(M34/K34,0) | O34: ='S03'!N34 | P34: =N34-O34 | U34: ='S03'!T34 | V34: =T34-U34 | W34: =N34-T34
... B42: 38 | C42: Sidi Kacem | D42: SAFSAF | E42: 20-11 | F42: Travaux de réhabilitation des équipements | G42: Travaux de réhabilitation des canaux portés d'irrigation | H42: Fourniture et pose de canaux porté et accessoires du réseau S4 du secteur S11 | I42: 232266 | J42: ml | K42: 77 | M42: ='S03'!M42+L42 | N42: =IFERROR(M42/K42,0) | O42: ='S03'!N42 | P42: =N42-O42 | U42: ='S03'!T42 | V42: =T42-U42 | W42: =N42-T42
B43: 39 | C43: Sidi Kacem | D43: SAFSAF | E43: 20-11 | F43: Travaux de réhabilitation des équipements | H43: Recalage des canaux portés du réseau T5S5 du secteur S9 | I43: 1055025 | J43: ml | K43: 352 | M43: ='S03'!M43+L43 | N43: =IFERROR(M43/K43,0) | O43: ='S03'!N43 | P43: =N43-O43 | U43: ='S03'!T43 | V43: =T43-U43 | W43: =N43-T43
B44: 40 | C44: Sidi Kacem | D44: SAFSAF | E44: 20-11 | F44: Travaux de réhabilitation des équipements | H44: Recalage des canaux portés du réseau T7S5 du secteur S9 | I44: 1004535 | J44: ml | K44: 335 | M44: ='S03'!M44+L44 | N44: =IFERROR(M44/K44,0) | O44: ='S03'!N44 | P44: =N44-O44 | U44: ='S03'!T44 | V44: =T44-U44 | W44: =N44-T44
B45: 41 | C45: Sidi Kacem | D45: SAFSAF | E45: 20-11 | F45: Travaux de réhabilitation des équipements | H45: Recalage des canaux portés du réseau T2S5 du secteur S9 | I45: 793830 | J45: ml | K45: 265 | M45: ='S03'!M45+L45 | N45: =IFERROR(M45/K45,0) | O45: ='S03'!N45 | P45: =N45-O45 | U45: ='S03'!T45 | V45: =T45-U45 | W45: =N45-T45
B46: 42 | C46: Sidi Kacem | D46: SAFSAF | E46: 40-21 | F46: Travaux de pistes | G46: Entretien des pistes agricoles | H46: Entretien des pistes agricoles | I46: 2000000 | J46: km | K46: 4 | M46: ='S03'!M46+L46 | N46: =IFERROR(M46/K46,0) | O46: ='S03'!N46 | P46: =N46-O46 | U46: ='S03'!T46 | V46: =T46-U46 | W46: =N46-T46
B47: 43 | C47: Sidi Kacem | D47: SAFSAF | E47: 50-23 | F47: Entretien et réparation du réseau d'assainissement et de drainage | G47: Curage des prises sur l’oued, bâche d’aspiration et bassin de régulation. | H47: Curage des prises sur l’oued des stations de pompage S11, S9, 7D et 7B. Nettoyage des grilles de préfiltration des boues colmaté des stations de pompage S11, S9, 7D et 7B. Nettoyage des crépines des boues colmaté de station pompage 7D. Curage des dalots et bâche d’aspiration des stations de pompage S11, S9, 7B. | I47: 200000 | J47: ml | K47: 67 | M47: ='S03'!M47+L47 | N47: =IFERROR(M47/K47,0) | O47: ='S03'!N47 | P47: =N47-O47 | U47: ='S03'!T47 | V47: =T47-U47 | W47: =N47-T47
B48: 44 | C48: Sidi Kacem | D48: SAFSAF | E48: 50-21 | F48: Entretien et réparation des stations de pompage | G48: Prestation de maintenance des débitmètres et leurs équipements annexes installés au niveau des station de pompage | H48: Changements Sept des débitmètres Ø 600mm inondé des deux stations de pompage S11 et S9. | I48: 580000 | J48: U | K48: 7 | M48: ='S03'!M48+L48 | N48: =IFERROR(M48/K48,0) | O48: ='S03'!N48 | P48: =N48-O48 | U48: ='S03'!T48 | V48: =T48-U48 | W48: =N48-T48
B49: 45 | C49: Sidi Kacem | D49: SAFSAF | E49: 50-21 | F49: Entretien et réparation des stations de pompage | G49: Stabilisation Berge oued | H49: Pose de murs en gabions et recouvrement du talus par matelas Reno des stations de pompage S11, S9, 7D et 7B . | I49: 4000000 | J49: m³ | K49: 2667 | M49: ='S03'!M49+L49 | N49: =IFERROR(M49/K49,0) | O49: ='S03'!N49 | P49: =N49-O49 | U49: ='S03'!T49 | V49: =T49-U49 | W49: =N49-T49
B50: 46 | C50: Sidi Kacem | D50: SIDI AZZOUZ | E50: 40-21 | F50: Travaux de pistes | G50: Entretien des pistes agricoles | H50: Entretien des pistes agricoles | I50: 655000 | J50: km | K50: 1 | M50: ='S03'!M50+L50 | N50: =IFERROR(M50/K50,0) | O50: ='S03'!N50 | P50: =N50-O50 | U50: ='S03'!T50 | V50: =T50-U50 | W50: =N50-T50
B51: 47 | C51: Sidi Kacem | D51: SIDI EL KAMEL | E51: 20-11 | F51: Travaux de réhabilitation des équipements | G51: Travaux de réhabilitation des canaux portés d'irrigation | H51: Fourniture et de pose de canaux porté et accessoires du réseau SR4 du secteur S3R | I51: 5182920 | J51: ml | K51: 1728 | M51: ='S03'!M51+L51 | N51: =IFERROR(M51/K51,0) | O51: ='S03'!N51 | P51: =N51-O51 | U51: ='S03'!T51 | V51: =T51-U51 | W51: =N51-T51
B52: 48 | C52: Sidi Kacem | D52: SIDI EL KAMEL | E52: 20-11 | F52: Travaux de réhabilitation des équipements | H52: Fourniture et de pose de canaux porté et accessoires du réseau SR6 du secteur S1RIZ | I52: 152818 | J52: ml | K52: 51 | M52: ='S03'!M52+L52 | N52: =IFERROR(M52/K52,0) | O52: ='S03'!N52 | P52: =N52-O52 | U52: ='S03'!T52 | V52: =T52-U52 | W52: =N52-T52
B53: 49 | C53: Sidi Kacem | D53: SIDI EL KAMEL | E53: 20-11 | F53: Travaux de réhabilitation des équipements | H53: Recalage des canaux portés du réseau SR4 du secteur S3R | I53: 1418000 | J53: ml | K53: 473 | M53: ='S03'!M53+L53 | N53: =IFERROR(M53/K53,0) | O53: ='S03'!N53 | P53: =N53-O53 | U53: ='S03'!T53 | V53: =T53-U53 | W53: =N53-T53
B54: 50 | C54: Sidi Kacem | D54: SIDI EL KAMEL | E54: 20-11 | F54: Travaux de réhabilitation des équipements | G54: Travaux de réhabilitation des ouvrages de génie civil | H54: Réhabilitation des murs de soutènements des ouvrages de franchissements du canal d'assainissement CS3 secteur S3 et de l’ouvrage de franchissement du canal primaire d’irrigation du secteur S1R au niveau de la route provinciale P4234 | I54: 800000 | J54: ml | K54: 400 | M54: ='S03'!M54+L54 | N54: =IFERROR(M54/K54,0) | O54: ='S03'!N54 | P54: =N54-O54 | U54: ='S03'!T54 | V54: =T54-U54 | W54: =N54-T54
B55: 51 | C55: Sidi Kacem | D55: SIDI EL KAMEL | E55: 40-21 | F55: Travaux de pistes | G55: Entretien des pistes agricoles | H55: Entretien des pistes agricoles | I55: 3700000 | J55: km | K55: 7 | M55: ='S03'!M55+L55 | N55: =IFERROR(M55/K55,0) | O55: ='S03'!N55 | P55: =N55-O55 | U55: ='S03'!T55 | V55: =T55-U55 | W55: =N55-T55
B56: 52 | C56: Sidi Kacem | D56: SIDI EL KAMEL | E56: 50-21 | F56: Entretien et réparation des stations de pompage | G56: Prestation de maintenance des débitmètres et leurs équipements annexes installés au niveau des station de pompage | H56: Changement de quatre débitmètres Ø 500mm et trois Ø 800mm inondé des stations de pompage 1R, 3R et 5R. | I56: 705000 | J56: U | K56: 3 | M56: ='S03'!M56+L56 | N56: =IFERROR(M56/K56,0) | O56: ='S03'!N56 | P56: =N56-O56 | U56: ='S03'!T56 | V56: =T56-U56 | W56: =N56-T56
B57: 53 | C57: Sidi Kacem | D57: SIDI EL KAMEL | E57: 50-21 | F57: Entretien et réparation des stations de pompage | G57: Mur clôture des stations de pompage. | H57: Stabilisation et reconstruction des murs clôture cote oued des stations de pompage 7A, 3R et 1R. | I57: 372000 | J57: ml | K57: 124 | M57: ='S03'!M57+L57 | N57: =IFERROR(M57/K57,0) | O57: ='S03'!N57 | P57: =N57-O57 | U57: ='S03'!T57 | V57: =T57-U57 | W57: =N57-T57
B58: 54 | C58: Kénitra | D58: Bni malek | E58: 50-23 | F58: Entretien et réparation du réseau d'assainissement et de drainage | G58: Travaux de curage des canaux en terre | H58: Curage des emissaires et colatures secondaire au niveau des secteurs MDA ET N9 | I58: 10000000 | J58: ml | K58: 5000 | M58: ='S03'!M58+L58 | N58: =IFERROR(M58/K58,0) | O58: ='S03'!N58 | P58: =N58-O58 | U58: ='S03'!T58 | V58: =T58-U58 | W58: =N58-T58
B59: 55 | C59: Kénitra | D59: Bni malek | E59: 40-21 | F59: Travaux de pistes | G59: Travaux de réhabilitation des pistes agricoles | H59: Entretien des pistes agricoles des secteurs MDA et N3 | I59: 2000000 | J59: km | K59: 4 | M59: ='S03'!M59+L59 | N59: =IFERROR(M59/K59,0) | O59: ='S03'!N59 | P59: =N59-O59 | U59: ='S03'!T59 | V59: =T59-U59 | W59: =N59-T59
B60: 56 | C60: Kénitra | D60: Bni malek | E60: 50-21 | F60: Entretien et réparation des stations de pompage | G60: Prestations de maintenance et de réparation mécanique des pompes et des groupes motopompes submersibles des stations de pompage. | H60: station de pompage MDA secteur MDA | I60: 300000 | J60: U | K60: 1 | M60: ='S03'!M60+L60 | N60: =IFERROR(M60/K60,0) | O60: ='S03'!N60 | P60: =N60-O60 | U60: ='S03'!T60 | V60: =T60-U60 | W60: =N60-T60
B61: 57 | C61: Kénitra | D61: Bni malek | E61: 20-11 | F61: Travaux de réhabilitation des équipements | G61: Travaux de réhabilitation des ouvrages de génie civil | H61: Rétablissement des bornes affaissées des secteurs N2 et N3 | I61: 100000 | J61: U | K61: 200 | M61: ='S03'!M61+L61 | N61: =IFERROR(M61/K61,0) | O61: ='S03'!N61 | P61: =N61-O61 | U61: ='S03'!T61 | V61: =T61-U61 | W61: =N61-T61
B62: 58 | C62: Kénitra | D62: SOUK TLET | E62: 50-23 | F62: Entretien et réparation du réseau d'assainissement et de drainage | G62: Travaux de curage des canaux en terre | H62: curage des emissaires et colatures secondaire au niveau des secteurs N2,N3 ET N4, | I62: 3000000 | J62: ml | K62: 1500 | M62: ='S03'!M62+L62 | N62: =IFERROR(M62/K62,0) | O62: ='S03'!N62 | P62: =N62-O62 | U62: ='S03'!T62 | V62: =T62-U62 | W62: =N62-T62
B63: 59 | C63: Kénitra | D63: SOUK TLET | E63: 40-21 | F63: Travaux de pistes | G63: Travaux de réhabilitation des pistes agricoles | H63: Entretien des pistes des secteurs N2,N3,N4 et C4R, | I63: 5000000 | J63: U | K63: 1 | M63: ='S03'!M63+L63 | N63: =IFERROR(M63/K63,0) | O63: ='S03'!N63 | P63: =N63-O63 | U63: ='S03'!T63 | V63: =T63-U63 | W63: =N63-T63
B64: 60 | C64: Kénitra | D64: Sidi Med Lahmar | E64: 50-23 | F64: Entretien et réparation du réseau d'assainissement et de drainage | G64: Travaux de curage des canaux en terre | H64: Curage des emissaires et colatures secondaires secteurs N1 | I64: 3000000 | J64: ml | K64: 1500 | M64: ='S03'!M64+L64 | N64: =IFERROR(M64/K64,0) | O64: ='S03'!N64 | P64: =N64-O64 | U64: ='S03'!T64 | V64: =T64-U64 | W64: =N64-T64
B65: 61 | C65: Kénitra | D65: Sidi Med Lahmar | E65: 40-21 | F65: Travaux de pistes | G65: Travaux de réhabilitation des pistes agricoles | H65: Entretien des pistes agricoles des secteurs N9 et N1 | I65: 3000000 | J65: km | K65: 6 | M65: ='S03'!M65+L65 | N65: =IFERROR(M65/K65,0) | O65: ='S03'!N65 | P65: =N65-O65 | U65: ='S03'!T65 | V65: =T65-U65 | W65: =N65-T65
... B76: 72 | C76: Sidi Slimane | D76: OULED HCEINE | E76: 50-23 | F76: Entretien et réparation du réseau d'assainissement et de drainage | G76: Travaux de curage des prises des stations de pompage. | H76: Curage des siphones des station de pompage EST2 et P11/2. | I76: 500000 | J76: ml | K76: 167 | M76: ='S03'!M76+L76 | N76: =IFERROR(M76/K76,0) | O76: ='S03'!N76 | P76: =N76-O76 | U76: ='S03'!T76 | V76: =T76-U76 | W76: =N76-T76
B77: TOTAL | I77: =SUM(I5:I76) | L77: =SUM(L5:L76) | M77: =SUM(M5:M76) | N77: =IFERROR(SUMPRODUCT(N5:N76,I5:I76)/I77,0) | O77: =IFERROR(SUMPRODUCT(O5:O76,I5:I76)/I77,0) | P77: =N77-O77 | Q77: =SUM(Q5:Q76) | R77: =SUM(R5:R76) | S77: =SUM(S5:S76) | T77: =IFERROR(SUMPRODUCT(T5:T76,I5:I76)/I77,0) | U77: =IFERROR(SUMPRODUCT(U5:U76,I5:I76)/I77,0) | V77: =T77-U77 | W77: =N77-T77

Sheet S05
B2: Suivi Hebdomadaire - Semaine 5 (26/01 - 01/02) — Janvier 2026 - Exécution Physique et Financière
B3: Date : | C3: 46048 | E3: IDENTIFICATION | J3: INDICATEURS PHYSIQUES | Q3: INDICATEURS FINANCIERS | W3: SYNTHÈSE
B4: N° | C4: Province | D4: Commune | E4: Rubrique | F4: Intitulé Rubrique | G4: Projet | H4: Consistance | I4: Coût Total (DH) | J4: Unité | K4: Qté Prévue | L4: Qté Réalisée Sem. | M4: Qté Réalisée Cumul | N4: Avancement Physique % | O4: % Phys. Sem. Préc. | P4: Accroissement Phys. % | Q4: Montant Décaissé (DH) | R4: Montant Payé (DH) | S4: Montant Ordonné (DH) | T4: Avancement Financier % | U4: % Fin. Sem. Préc. | V4: Accroissement Fin. % | W4: Écart Phys.-Fin. | X4: Observations
B5: 1 | C5: Sidi Kacem | D5: KHENICHET | E5: 50-23 | F5: Entretien et réparation du réseau d'assainissement et de drainage | G5: Travaux de curage des canaux en terre | H5: Curage des collecteurs d'assainissement du secteur EST2 | I5: 2091568 | J5: ml | K5: 1046 | M5: ='S04'!M5+L5 | N5: =IFERROR(M5/K5,0) | O5: ='S04'!N5 | P5: =N5-O5 | U5: ='S04'!T5 | V5: =T5-U5 | W5: =N5-T5
B6: 2 | C6: Sidi Kacem | D6: KHENICHET | E6: 40-21 | F6: Travaux de pistes | G6: Travaux de réhabilitation des pistes agricoles | H6: Entretien des pistes agricoles Douar Nouagra et Douar ouled Salem | I6: 78000 | J6: km | K6: 1 | M6: ='S04'!M6+L6 | N6: =IFERROR(M6/K6,0) | O6: ='S04'!N6 | P6: =N6-O6 | U6: ='S04'!T6 | V6: =T6-U6 | W6: =N6-T6
B7: 3 | C7: Sidi Kacem | D7: KHENICHET | E7: 50-23 | F7: Entretien et réparation du réseau d'assainissement et de drainage | G7: Curage des prises sur l’oued, bâche d’aspiration et bassin de régulation. | H7: Curage de la chambre des joints de démontage des siphonnes de la station de pompage EST2. | I7: 126000 | J7: ml | K7: 42 | M7: ='S04'!M7+L7 | N7: =IFERROR(M7/K7,0) | O7: ='S04'!N7 | P7: =N7-O7 | U7: ='S04'!T7 | V7: =T7-U7 | W7: =N7-T7
B8: 4 | C8: Sidi Kacem | D8: KHENICHET | E8: 50-21 | F8: Entretien et réparation des stations de pompage | G8: Prestation de maintenance des débitmètres et leurs équipements annexes installés au niveau des station de pompage | H8: Changement trois débitmètre Ø 600mm inondés de la station de pompage EST 2 et deux capteurs VEGASON 62 | I8: 165500 | J8: U | K8: 3 | M8: ='S04'!M8+L8 | N8: =IFERROR(M8/K8,0) | O8: ='S04'!N8 | P8: =N8-O8 | U8: ='S04'!T8 | V8: =T8-U8 | W8: =N8-T8
B9: 5 | C9: Sidi Kacem | D9: BIR TALEB | E9: 50-23 | F9: Entretien et réparation du réseau d'assainissement et de drainage | G9: Travaux de curage des canaux en terre | H9: Curage du canal d'assainisement Tihli Aval | I9: 1000000 | J9: ml | K9: 500 | M9: ='S04'!M9+L9 | N9: =IFERROR(M9/K9,0) | O9: ='S04'!N9 | P9: =N9-O9 | U9: ='S04'!T9 | V9: =T9-U9 | W9: =N9-T9
B10: 6 | C10: Sidi Kacem | D10: BIR TALEB | E10: 50-23 | F10: Entretien et réparation du réseau d'assainissement et de drainage | H10: Curage des collecteurs d'assainissement du secteur P11/1 | I10: 846731 | J10: ml | K10: 423 | M10: ='S04'!M10+L10 | N10: =IFERROR(M10/K10,0) | O10: ='S04'!N10 | P10: =N10-O10 | U10: ='S04'!T10 | V10: =T10-U10 | W10: =N10-T10
B11: 7 | C11: Sidi Kacem | D11: BIR TALEB | E11: 50-23 | F11: Entretien et réparation du réseau d'assainissement et de drainage | G11: Curage des prises sur l’oued, bâche d’aspiration et bassin de régulation. | H11: Curage des prises sur l’oued de la station de pompage P11/1. | I11: 200000 | J11: ml | K11: 67 | M11: ='S04'!M11+L11 | N11: =IFERROR(M11/K11,0) | O11: ='S04'!N11 | P11: =N11-O11 | U11: ='S04'!T11 | V11: =T11-U11 | W11: =N11-T11
B12: 8 | C12: Sidi Kacem | D12: BIR TALEB | E12: 50-21 | F12: Entretien et réparation des stations de pompage | G12: Prestation de maintenance des débitmètres et leurs équipements annexes installés au niveau des station de pompage | H12: Changement trois débitmètre Ø 400mm inondés de la station de pompage P11/1 | I12: 141900 | J12: U | K12: 3 | M12: ='S04'!M12+L12 | N12: =IFERROR(M12/K12,0) | O12: ='S04'!N12 | P12: =N12-O12 | U12: ='S04'!T12 | V12: =T12-U12 | W12: =N12-T12
B13: 9 | C13: Sidi Kacem | D13: BIR TALEB | E13: 50-21 | F13: Entretien et réparation des stations de pompage | G13: Prestations de maintenance et de réparation mécanique des pompes et des groupes motopompes submersibles des stations de pompage. | H13: Démontage et expertise des roues des pompes principaux et pompes a vide de la station P11/1 Changement des roulements, tresses et organes d’effectués de la station P11/1 | I13: 26700 | J13: U | K13: 1 | M13: ='S04'!M13+L13 | N13: =IFERROR(M13/K13,0) | O13: ='S04'!N13 | P13: =N13-O13 | U13: ='S04'!T13 | V13: =T13-U13 | W13: =N13-T13
B14: 10 | C14: Sidi Kacem | D14: BIR TALEB | E14: 50-21 | F14: Entretien et réparation des stations de pompage | G14: Stabilisation Berge oued | H14: Pose de gabions et recouvrement du talus par matelas Reno des stations de pompage P11/1. | I14: 480000 | J14: m³ | K14: 320 | M14: ='S04'!M14+L14 | N14: =IFERROR(M14/K14,0) | O14: ='S04'!N14 | P14: =N14-O14 | U14: ='S04'!T14 | V14: =T14-U14 | W14: =N14-T14
B15: 11 | C15: Sidi Kacem | D15: BIR TALEB | E15: 50-21 | F15: Entretien et réparation des stations de pompage | G15: Génie civile des locaux des stations de pompage. | H15: Expertise d’état et d’étanchéité des locaux pompes. Renforcement d’étanchéité des locaux pompe sous niveau des oueds des stations de pompage P11/1. Entretien des supports en béton des conduites d’aspiration. | I15: 300000 | J15: U | K15: 1 | M15: ='S04'!M15+L15 | N15: =IFERROR(M15/K15,0) | O15: ='S04'!N15 | P15: =N15-O15 | U15: ='S04'!T15 | V15: =T15-U15 | W15: =N15-T15
B16: 12 | C16: Sidi Kacem | D16: CHEBANAT | E16: 50-23 | F16: Entretien et réparation du réseau d'assainissement et de drainage | G16: Travaux de curage des canaux en terre | H16: Curage des collecteurs d'assainissement des secteur SH5 et SH6. | I16: 1000000 | J16: ml | K16: 500 | M16: ='S04'!M16+L16 | N16: =IFERROR(M16/K16,0) | O16: ='S04'!N16 | P16: =N16-O16 | U16: ='S04'!T16 | V16: =T16-U16 | W16: =N16-T16
B17: 13 | C17: Sidi Kacem | D17: CHEBANAT | E17: 50-23 | F17: Entretien et réparation du réseau d'assainissement et de drainage | G17: Travaux de curage des canaux révetus | H17: Curage du canal principal d'irrigation beht partie aval 1. | I17: 739200 | J17: ml | K17: 370 | M17: ='S04'!M17+L17 | N17: =IFERROR(M17/K17,0) | O17: ='S04'!N17 | P17: =N17-O17 | U17: ='S04'!T17 | V17: =T17-U17 | W17: =N17-T17
B18: 14 | C18: Sidi Kacem | D18: ZIRARA | E18: 50-23 | F18: Entretien et réparation du réseau d'assainissement et de drainage | G18: Travaux de curage des canaux révetus | H18: Curage du canal principal d'irrigation beht partie aval 2. | I18: 1276800 | J18: ml | K18: 638 | M18: ='S04'!M18+L18 | N18: =IFERROR(M18/K18,0) | O18: ='S04'!N18 | P18: =N18-O18 | U18: ='S04'!T18 | V18: =T18-U18 | W18: =N18-T18
B19: 15 | C19: Sidi Kacem | D19: DAR LAASLOUJI | E19: 50-23 | F19: Entretien et réparation du réseau d'assainissement et de drainage | G19: Travaux de curage des canaux en terre | H19: Curage des collecteurs d'assainissement des secteurs P8-1 et P8-2 | I19: 5796360 | J19: ml | K19: 2898 | M19: ='S04'!M19+L19 | N19: =IFERROR(M19/K19,0) | O19: ='S04'!N19 | P19: =N19-O19 | U19: ='S04'!T19 | V19: =T19-U19 | W19: =N19-T19
B20: 16 | C20: Sidi Kacem | D20: DAR LAASLOUJI | E20: 40-21 | F20: Travaux de pistes | G20: Entretien des pistes agricoles | H20: Entretien des pistes agricoles | I20: 340000 | J20: km | K20: 1 | M20: ='S04'!M20+L20 | N20: =IFERROR(M20/K20,0) | O20: ='S04'!N20 | P20: =N20-O20 | U20: ='S04'!T20 | V20: =T20-U20 | W20: =N20-T20
B21: 17 | C21: Sidi Kacem | D21: HOUAFATE | E21: 20-11 | F21: Travaux de réhabilitation des équipements | G21: Travaux de réhabilitation des canaux portés d'irrigation | H21: Fourniture et de pose de canaux porté et accessoires du réseau S3 du secteur S13 | I21: 397934 | J21: ml | K21: 133 | M21: ='S04'!M21+L21 | N21: =IFERROR(M21/K21,0) | O21: ='S04'!N21 | P21: =N21-O21 | U21: ='S04'!T21 | V21: =T21-U21 | W21: =N21-T21
B22: 18 | C22: Sidi Kacem | D22: HOUAFATE | E22: 20-11 | F22: Travaux de réhabilitation des équipements | H22: Fourniture et de pose de canaux porté et accessoires du réseau T2S1 du secteur S13 | I22: 207575 | J22: ml | K22: 69 | M22: ='S04'!M22+L22 | N22: =IFERROR(M22/K22,0) | O22: ='S04'!N22 | P22: =N22-O22 | U22: ='S04'!T22 | V22: =T22-U22 | W22: =N22-T22
B23: 19 | C23: Sidi Kacem | D23: HOUAFATE | E23: 40-21 | F23: Travaux de pistes | G23: Entretien des pistes agricoles | H23: Entretien des pistes agricoles | I23: 2200000 | J23: km | K23: 4 | M23: ='S04'!M23+L23 | N23: =IFERROR(M23/K23,0) | O23: ='S04'!N23 | P23: =N23-O23 | U23: ='S04'!T23 | V23: =T23-U23 | W23: =N23-T23
B24: 20 | C24: Sidi Kacem | D24: HOUAFATE | E24: 50-23 | F24: Entretien et réparation du réseau d'assainissement et de drainage | G24: Curage des prises sur l’oued, bâche d’aspiration et bassin de régulation. | H24: Curage des prises sur l’oued de la station de pompage S17 et S13. Nettoyage des grilles de préfiltration des boues colmaté de la station de pompage S17 et S13. Curage de la bâche d’aspiration de la station S17 et S13. | I24: 300000 | J24: ml | K24: 100 | M24: ='S04'!M24+L24 | N24: =IFERROR(M24/K24,0) | O24: ='S04'!N24 | P24: =N24-O24 | U24: ='S04'!T24 | V24: =T24-U24 | W24: =N24-T24
B25: 21 | C25: Sidi Kacem | D25: HOUAFATE | E25: 50-21 | F25: Entretien et réparation des stations de pompage | G25: Prestation de maintenance des débitmètres et leurs équipements annexes installés au niveau des station de pompage | H25: Changement trois débitmètre Ø 600mm inondés de la station de pompage S13. | I25: 250000 | J25: U | K25: 3 | M25: ='S04'!M25+L25 | N25: =IFERROR(M25/K25,0) | O25: ='S04'!N25 | P25: =N25-O25 | U25: ='S04'!T25 | V25: =T25-U25 | W25: =N25-T25
B26: 22 | C26: Sidi Kacem | D26: HOUAFATE | E26: 50-21 | F26: Entretien et réparation des stations de pompage | G26: Prestations de maintenance des moteurs électriques des stations de pompage. | H26: Révision des trois moteurs électriques 200 KW principaux de la station S13. Révision des deux moteurs électriques 5,5 KW groupes vide de la station S13. | I26: 25000 | J26: U | K26: 3 | M26: ='S04'!M26+L26 | N26: =IFERROR(M26/K26,0) | O26: ='S04'!N26 | P26: =N26-O26 | U26: ='S04'!T26 | V26: =T26-U26 | W26: =N26-T26
B27: 23 | C27: Sidi Kacem | D27: HOUAFATE | E27: 50-21 | F27: Entretien et réparation des stations de pompage | G27: Prestations de maintenance et de réparation mécanique des pompes et des groupes motopompes submersibles des stations de pompage. | H27: Démontage et expertise des roues des pompes principaux et pompes a vide de la station S13. Changement des roulements, tresses et organes d’effectués de la station S13. | I27: 38000 | J27: U | K27: 1 | M27: ='S04'!M27+L27 | N27: =IFERROR(M27/K27,0) | O27: ='S04'!N27 | P27: =N27-O27 | U27: ='S04'!T27 | V27: =T27-U27 | W27: =N27-T27
B28: 24 | C28: Sidi Kacem | D28: HOUAFATE | E28: 50-21 | F28: Entretien et réparation des stations de pompage | G28: Stabilisation Berge oued | H28: Pose de gabions et recouvrement du talus par matelas Reno des stations de pompage S13. | I28: 10560000 | J28: m³ | K28: 7040 | M28: ='S04'!M28+L28 | N28: =IFERROR(M28/K28,0) | O28: ='S04'!N28 | P28: =N28-O28 | U28: ='S04'!T28 | V28: =T28-U28 | W28: =N28-T28
B29: 25 | C29: Sidi Kacem | D29: HOUAFATE | E29: 50-21 | F29: Entretien et réparation des stations de pompage | G29: Mur clôture des stations de pompage. | H29: Stabilisation du sol et reconstruction des murs clôture (270m) cote oued de la station S17. | I29: 144000 | J29: ml | K29: 270 | M29: ='S04'!M29+L29 | N29: =IFERROR(M29/K29,0) | O29: ='S04'!N29 | P29: =N29-O29 | U29: ='S04'!T29 | V29: =T29-U29 | W29: =N29-T29
B30: 26 | C30: Sidi Kacem | D30: HOUAFATE | E30: 50-21 | F30: Entretien et réparation des stations de pompage | G30: Génie civile des locaux des stations de pompage. | H30: Expertise d’état et d’étanchéité des locaux pompes, commande, puissance des stations de pompage S17 et S13. Renforcement d’étanchéité des locaux pompe sous niveau des oueds des stations de pompage S17 et S13. | I30: 800000 | J30: U | K30: 1 | M30: ='S04'!M30+L30 | N30: =IFERROR(M30/K30,0) | O30: ='S04'!N30 | P30: =N30-O30 | U30: ='S04'!T30 | V30: =T30-U30 | W30: =N30-T30
B31: 27 | C31: Sidi Kacem | D31: NOUIRAT | E31: 50-23 | F31: Entretien et réparation du réseau d'assainissement et de drainage | G31: Travaux de curage des canaux en terre | H31: Curage des collecteurs d'assainissement des secteurs EST1 et N5 | I31: 1733306 | J31: ml | K31: 867 | M31: ='S04'!M31+L31 | N31: =IFERROR(M31/K31,0) | O31: ='S04'!N31 | P31: =N31-O31 | U31: ='S04'!T31 | V31: =T31-U31 | W31: =N31-T31
B32: 28 | C32: Sidi Kacem | D32: NOUIRAT | E32: 40-21 | F32: Travaux de pistes | G32: Entretien des pistes agricoles | H32: Entretien des pistes agricoles | I32: 670000 | J32: km | K32: 1 | M32: ='S04'!M32+L32 | N32: =IFERROR(M32/K32,0) | O32: ='S04'!N32 | P32: =N32-O32 | U32: ='S04'!T32 | V32: =T32-U32 | W32: =N32-T32
B33: 29 | C33: Sidi Kacem | D33: NOUIRAT | E33: 20-11 | F33: Travaux de réhabilitation des équipements | G33: Travaux de réhabilitation des ouvrages de génie civil | H33: Réhabilitation de l'ouvrage( genie civil ,gabiollannage,clapet anti retour et buse) de l'ouvrage de débouche SE1 | I33: 2500000 | J33: U | K33: 5 | M33: ='S04'!M33+L33 | N33: =IFERROR(M33/K33,0) | O33: ='S04'!N33 | P33: =N33-O33 | U33: ='S04'!T33 | V33: =T33-U33 | W33: =N33-T33
B34: 30 | C34: Sidi Kacem | D34: NOUIRAT | E34: 50-23 | F34: Entretien et réparation du réseau d'assainissement et de drainage | G34: Curage des prises sur l’oued, bâche d’aspiration et bassin de régulation. | H34: Curage des prises sur l’oued de la station de pompage E1. Nettoyage des grilles de préfiltration des boues colmaté de la station de pompage E1. Curage de la bâche d’aspiration de la station E1. | I34: 800000 | J34: ml | K34: 267 | M34: ='S04'!M34+L34 | N34: =IFERROR(M34/K34,0) | O34: ='S04'!N34 | P34: =N34-O34 | U34: ='S04'!T34 | V34: =T34-U34 | W34: =N34-T34
... B42: 38 | C42: Sidi Kacem | D42: SAFSAF | E42: 20-11 | F42: Travaux de réhabilitation des équipements | G42: Travaux de réhabilitation des canaux portés d'irrigation | H42: Fourniture et pose de canaux porté et accessoires du réseau S4 du secteur S11 | I42: 232266 | J42: ml | K42: 77 | M42: ='S04'!M42+L42 | N42: =IFERROR(M42/K42,0) | O42: ='S04'!N42 | P42: =N42-O42 | U42: ='S04'!T42 | V42: =T42-U42 | W42: =N42-T42
B43: 39 | C43: Sidi Kacem | D43: SAFSAF | E43: 20-11 | F43: Travaux de réhabilitation des équipements | H43: Recalage des canaux portés du réseau T5S5 du secteur S9 | I43: 1055025 | J43: ml | K43: 352 | M43: ='S04'!M43+L43 | N43: =IFERROR(M43/K43,0) | O43: ='S04'!N43 | P43: =N43-O43 | U43: ='S04'!T43 | V43: =T43-U43 | W43: =N43-T43
B44: 40 | C44: Sidi Kacem | D44: SAFSAF | E44: 20-11 | F44: Travaux de réhabilitation des équipements | H44: Recalage des canaux portés du réseau T7S5 du secteur S9 | I44: 1004535 | J44: ml | K44: 335 | M44: ='S04'!M44+L44 | N44: =IFERROR(M44/K44,0) | O44: ='S04'!N44 | P44: =N44-O44 | U44: ='S04'!T44 | V44: =T44-U44 | W44: =N44-T44
B45: 41 | C45: Sidi Kacem | D45: SAFSAF | E45: 20-11 | F45: Travaux de réhabilitation des équipements | H45: Recalage des canaux portés du réseau T2S5 du secteur S9 | I45: 793830 | J45: ml | K45: 265 | M45: ='S04'!M45+L45 | N45: =IFERROR(M45/K45,0) | O45: ='S04'!N45 | P45: =N45-O45 | U45: ='S04'!T45 | V45: =T45-U45 | W45: =N45-T45
B46: 42 | C46: Sidi Kacem | D46: SAFSAF | E46: 40-21 | F46: Travaux de pistes | G46: Entretien des pistes agricoles | H46: Entretien des pistes agricoles | I46: 2000000 | J46: km | K46: 4 | M46: ='S04'!M46+L46 | N46: =IFERROR(M46/K46,0) | O46: ='S04'!N46 | P46: =N46-O46 | U46: ='S04'!T46 | V46: =T46-U46 | W46: =N46-T46
B47: 43 | C47: Sidi Kacem | D47: SAFSAF | E47: 50-23 | F47: Entretien et réparation du réseau d'assainissement et de drainage | G47: Curage des prises sur l’oued, bâche d’aspiration et bassin de régulation. | H47: Curage des prises sur l’oued des stations de pompage S11, S9, 7D et 7B. Nettoyage des grilles de préfiltration des boues colmaté des stations de pompage S11, S9, 7D et 7B. Nettoyage des crépines des boues colmaté de station pompage 7D. Curage des dalots et bâche d’aspiration des stations de pompage S11, S9, 7B. | I47: 200000 | J47: ml | K47: 67 | M47: ='S04'!M47+L47 | N47: =IFERROR(M47/K47,0) | O47: ='S04'!N47 | P47: =N47-O47 | U47: ='S04'!T47 | V47: =T47-U47 | W47: =N47-T47
B48: 44 | C48: Sidi Kacem | D48: SAFSAF | E48: 50-21 | F48: Entretien et réparation des stations de pompage | G48: Prestation de maintenance des débitmètres et leurs équipements annexes installés au niveau des station de pompage | H48: Changements Sept des débitmètres Ø 600mm inondé des deux stations de pompage S11 et S9. | I48: 580000 | J48: U | K48: 7 | M48: ='S04'!M48+L48 | N48: =IFERROR(M48/K48,0) | O48: ='S04'!N48 | P48: =N48-O48 | U48: ='S04'!T48 | V48: =T48-U48 | W48: =N48-T48
B49: 45 | C49: Sidi Kacem | D49: SAFSAF | E49: 50-21 | F49: Entretien et réparation des stations de pompage | G49: Stabilisation Berge oued | H49: Pose de murs en gabions et recouvrement du talus par matelas Reno des stations de pompage S11, S9, 7D et 7B . | I49: 4000000 | J49: m³ | K49: 2667 | M49: ='S04'!M49+L49 | N49: =IFERROR(M49/K49,0) | O49: ='S04'!N49 | P49: =N49-O49 | U49: ='S04'!T49 | V49: =T49-U49 | W49: =N49-T49
B50: 46 | C50: Sidi Kacem | D50: SIDI AZZOUZ | E50: 40-21 | F50: Travaux de pistes | G50: Entretien des pistes agricoles | H50: Entretien des pistes agricoles | I50: 655000 | J50: km | K50: 1 | M50: ='S04'!M50+L50 | N50: =IFERROR(M50/K50,0) | O50: ='S04'!N50 | P50: =N50-O50 | U50: ='S04'!T50 | V50: =T50-U50 | W50: =N50-T50
B51: 47 | C51: Sidi Kacem | D51: SIDI EL KAMEL | E51: 20-11 | F51: Travaux de réhabilitation des équipements | G51: Travaux de réhabilitation des canaux portés d'irrigation | H51: Fourniture et de pose de canaux porté et accessoires du réseau SR4 du secteur S3R | I51: 5182920 | J51: ml | K51: 1728 | M51: ='S04'!M51+L51 | N51: =IFERROR(M51/K51,0) | O51: ='S04'!N51 | P51: =N51-O51 | U51: ='S04'!T51 | V51: =T51-U51 | W51: =N51-T51
B52: 48 | C52: Sidi Kacem | D52: SIDI EL KAMEL | E52: 20-11 | F52: Travaux de réhabilitation des équipements | H52: Fourniture et de pose de canaux porté et accessoires du réseau SR6 du secteur S1RIZ | I52: 152818 | J52: ml | K52: 51 | M52: ='S04'!M52+L52 | N52: =IFERROR(M52/K52,0) | O52: ='S04'!N52 | P52: =N52-O52 | U52: ='S04'!T52 | V52: =T52-U52 | W52: =N52-T52
B53: 49 | C53: Sidi Kacem | D53: SIDI EL KAMEL | E53: 20-11 | F53: Travaux de réhabilitation des équipements | H53: Recalage des canaux portés du réseau SR4 du secteur S3R | I53: 1418000 | J53: ml | K53: 473 | M53: ='S04'!M53+L53 | N53: =IFERROR(M53/K53,0) | O53: ='S04'!N53 | P53: =N53-O53 | U53: ='S04'!T53 | V53: =T53-U53 | W53: =N53-T53
B54: 50 | C54: Sidi Kacem | D54: SIDI EL KAMEL | E54: 20-11 | F54: Travaux de réhabilitation des équipements | G54: Travaux de réhabilitation des ouvrages de génie civil | H54: Réhabilitation des murs de soutènements des ouvrages de franchissements du canal d'assainissement CS3 secteur S3 et de l’ouvrage de franchissement du canal primaire d’irrigation du secteur S1R au niveau de la route provinciale P4234 | I54: 800000 | J54: ml | K54: 400 | M54: ='S04'!M54+L54 | N54: =IFERROR(M54/K54,0) | O54: ='S04'!N54 | P54: =N54-O54 | U54: ='S04'!T54 | V54: =T54-U54 | W54: =N54-T54
B55: 51 | C55: Sidi Kacem | D55: SIDI EL KAMEL | E55: 40-21 | F55: Travaux de pistes | G55: Entretien des pistes agricoles | H55: Entretien des pistes agricoles | I55: 3700000 | J55: km | K55: 7 | M55: ='S04'!M55+L55 | N55: =IFERROR(M55/K55,0) | O55: ='S04'!N55 | P55: =N55-O55 | U55: ='S04'!T55 | V55: =T55-U55 | W55: =N55-T55
B56: 52 | C56: Sidi Kacem | D56: SIDI EL KAMEL | E56: 50-21 | F56: Entretien et réparation des stations de pompage | G56: Prestation de maintenance des débitmètres et leurs équipements annexes installés au niveau des station de pompage | H56: Changement de quatre débitmètres Ø 500mm et trois Ø 800mm inondé des stations de pompage 1R, 3R et 5R. | I56: 705000 | J56: U | K56: 3 | M56: ='S04'!M56+L56 | N56: =IFERROR(M56/K56,0) | O56: ='S04'!N56 | P56: =N56-O56 | U56: ='S04'!T56 | V56: =T56-U56 | W56: =N56-T56
B57: 53 | C57: Sidi Kacem | D57: SIDI EL KAMEL | E57: 50-21 | F57: Entretien et réparation des stations de pompage | G57: Mur clôture des stations de pompage. | H57: Stabilisation et reconstruction des murs clôture cote oued des stations de pompage 7A, 3R et 1R. | I57: 372000 | J57: ml | K57: 124 | M57: ='S04'!M57+L57 | N57: =IFERROR(M57/K57,0) | O57: ='S04'!N57 | P57: =N57-O57 | U57: ='S04'!T57 | V57: =T57-U57 | W57: =N57-T57
B58: 54 | C58: Kénitra | D58: Bni malek | E58: 50-23 | F58: Entretien et réparation du réseau d'assainissement et de drainage | G58: Travaux de curage des canaux en terre | H58: Curage des emissaires et colatures secondaire au niveau des secteurs MDA ET N9 | I58: 10000000 | J58: ml | K58: 5000 | M58: ='S04'!M58+L58 | N58: =IFERROR(M58/K58,0) | O58: ='S04'!N58 | P58: =N58-O58 | U58: ='S04'!T58 | V58: =T58-U58 | W58: =N58-T58
B59: 55 | C59: Kénitra | D59: Bni malek | E59: 40-21 | F59: Travaux de pistes | G59: Travaux de réhabilitation des pistes agricoles | H59: Entretien des pistes agricoles des secteurs MDA et N3 | I59: 2000000 | J59: km | K59: 4 | M59: ='S04'!M59+L59 | N59: =IFERROR(M59/K59,0) | O59: ='S04'!N59 | P59: =N59-O59 | U59: ='S04'!T59 | V59: =T59-U59 | W59: =N59-T59
B60: 56 | C60: Kénitra | D60: Bni malek | E60: 50-21 | F60: Entretien et réparation des stations de pompage | G60: Prestations de maintenance et de réparation mécanique des pompes et des groupes motopompes submersibles des stations de pompage. | H60: station de pompage MDA secteur MDA | I60: 300000 | J60: U | K60: 1 | M60: ='S04'!M60+L60 | N60: =IFERROR(M60/K60,0) | O60: ='S04'!N60 | P60: =N60-O60 | U60: ='S04'!T60 | V60: =T60-U60 | W60: =N60-T60
B61: 57 | C61: Kénitra | D61: Bni malek | E61: 20-11 | F61: Travaux de réhabilitation des équipements | G61: Travaux de réhabilitation des ouvrages de génie civil | H61: Rétablissement des bornes affaissées des secteurs N2 et N3 | I61: 100000 | J61: U | K61: 200 | M61: ='S04'!M61+L61 | N61: =IFERROR(M61/K61,0) | O61: ='S04'!N61 | P61: =N61-O61 | U61: ='S04'!T61 | V61: =T61-U61 | W61: =N61-T61
B62: 58 | C62: Kénitra | D62: SOUK TLET | E62: 50-23 | F62: Entretien et réparation du réseau d'assainissement et de drainage | G62: Travaux de curage des canaux en terre | H62: curage des emissaires et colatures secondaire au niveau des secteurs N2,N3 ET N4, | I62: 3000000 | J62: ml | K62: 1500 | M62: ='S04'!M62+L62 | N62: =IFERROR(M62/K62,0) | O62: ='S04'!N62 | P62: =N62-O62 | U62: ='S04'!T62 | V62: =T62-U62 | W62: =N62-T62
B63: 59 | C63: Kénitra | D63: SOUK TLET | E63: 40-21 | F63: Travaux de pistes | G63: Travaux de réhabilitation des pistes agricoles | H63: Entretien des pistes des secteurs N2,N3,N4 et C4R, | I63: 5000000 | J63: U | K63: 1 | M63: ='S04'!M63+L63 | N63: =IFERROR(M63/K63,0) | O63: ='S04'!N63 | P63: =N63-O63 | U63: ='S04'!T63 | V63: =T63-U63 | W63: =N63-T63
B64: 60 | C64: Kénitra | D64: Sidi Med Lahmar | E64: 50-23 | F64: Entretien et réparation du réseau d'assainissement et de drainage | G64: Travaux de curage des canaux en terre | H64: Curage des emissaires et colatures secondaires secteurs N1 | I64: 3000000 | J64: ml | K64: 1500 | M64: ='S04'!M64+L64 | N64: =IFERROR(M64/K64,0) | O64: ='S04'!N64 | P64: =N64-O64 | U64: ='S04'!T64 | V64: =T64-U64 | W64: =N64-T64
B65: 61 | C65: Kénitra | D65: Sidi Med Lahmar | E65: 40-21 | F65: Travaux de pistes | G65: Travaux de réhabilitation des pistes agricoles | H65: Entretien des pistes agricoles des secteurs N9 et N1 | I65: 3000000 | J65: km | K65: 6 | M65: ='S04'!M65+L65 | N65: =IFERROR(M65/K65,0) | O65: ='S04'!N65 | P65: =N65-O65 | U65: ='S04'!T65 | V65: =T65-U65 | W65: =N65-T65
... B76: 72 | C76: Sidi Slimane | D76: OULED HCEINE | E76: 50-23 | F76: Entretien et réparation du réseau d'assainissement et de drainage | G76: Travaux de curage des prises des stations de pompage. | H76: Curage des siphones des station de pompage EST2 et P11/2. | I76: 500000 | J76: ml | K76: 167 | M76: ='S04'!M76+L76 | N76: =IFERROR(M76/K76,0) | O76: ='S04'!N76 | P76: =N76-O76 | U76: ='S04'!T76 | V76: =T76-U76 | W76: =N76-T76
B77: TOTAL | I77: =SUM(I5:I76) | L77: =SUM(L5:L76) | M77: =SUM(M5:M76) | N77: =IFERROR(SUMPRODUCT(N5:N76,I5:I76)/I77,0) | O77: =IFERROR(SUMPRODUCT(O5:O76,I5:I76)/I77,0) | P77: =N77-O77 | Q77: =SUM(Q5:Q76) | R77: =SUM(R5:R76) | S77: =SUM(S5:S76) | T77: =IFERROR(SUMPRODUCT(T5:T76,I5:I76)/I77,0) | U77: =IFERROR(SUMPRODUCT(U5:U76,I5:I76)/I77,0) | V77: =T77-U77 | W77: =N77-T77

Sheet S06
B2: Suivi Hebdomadaire - Semaine 6 (02/02 - 08/02) — Février 2026 - Exécution Physique et Financière
B3: Date : | C3: 46055 | E3: IDENTIFICATION | J3: INDICATEURS PHYSIQUES | Q3: INDICATEURS FINANCIERS | W3: SYNTHÈSE
B4: N° | C4: Province | D4: Commune | E4: Rubrique | F4: Intitulé Rubrique | G4: Projet | H4: Consistance | I4: Coût Total (DH) | J4: Unité | K4: Qté Prévue | L4: Qté Réalisée Sem. | M4: Qté Réalisée Cumul | N4: Avancement Physique % | O4: % Phys. Sem. Préc. | P4: Accroissement Phys. % | Q4: Montant Décaissé (DH) | R4: Montant Payé (DH) | S4: Montant Ordonné (DH) | T4: Avancement Financier % | U4: % Fin. Sem. Préc. | V4: Accroissement Fin. % | W4: Écart Phys.-Fin. | X4: Observations
B5: 1 | C5: Sidi Kacem | D5: KHENICHET | E5: 50-23 | F5: Entretien et réparation du réseau d'assainissement et de drainage | G5: Travaux de curage des canaux en terre | H5: Curage des collecteurs d'assainissement du secteur EST2 | I5: 2091568 | J5: ml | K5: 1046 | M5: ='S05'!M5+L5 | N5: =IFERROR(M5/K5,0) | O5: ='S05'!N5 | P5: =N5-O5 | U5: ='S05'!T5 | V5: =T5-U5 | W5: =N5-T5
B6: 2 | C6: Sidi Kacem | D6: KHENICHET | E6: 40-21 | F6: Travaux de pistes | G6: Travaux de réhabilitation des pistes agricoles | H6: Entretien des pistes agricoles Douar Nouagra et Douar ouled Salem | I6: 78000 | J6: km | K6: 1 | M6: ='S05'!M6+L6 | N6: =IFERROR(M6/K6,0) | O6: ='S05'!N6 | P6: =N6-O6 | U6: ='S05'!T6 | V6: =T6-U6 | W6: =N6-T6
B7: 3 | C7: Sidi Kacem | D7: KHENICHET | E7: 50-23 | F7: Entretien et réparation du réseau d'assainissement et de drainage | G7: Curage des prises sur l’oued, bâche d’aspiration et bassin de régulation. | H7: Curage de la chambre des joints de démontage des siphonnes de la station de pompage EST2. | I7: 126000 | J7: ml | K7: 42 | M7: ='S05'!M7+L7 | N7: =IFERROR(M7/K7,0) | O7: ='S05'!N7 | P7: =N7-O7 | U7: ='S05'!T7 | V7: =T7-U7 | W7: =N7-T7
B8: 4 | C8: Sidi Kacem | D8: KHENICHET | E8: 50-21 | F8: Entretien et réparation des stations de pompage | G8: Prestation de maintenance des débitmètres et leurs équipements annexes installés au niveau des station de pompage | H8: Changement trois débitmètre Ø 600mm inondés de la station de pompage EST 2 et deux capteurs VEGASON 62 | I8: 165500 | J8: U | K8: 3 | M8: ='S05'!M8+L8 | N8: =IFERROR(M8/K8,0) | O8: ='S05'!N8 | P8: =N8-O8 | U8: ='S05'!T8 | V8: =T8-U8 | W8: =N8-T8
B9: 5 | C9: Sidi Kacem | D9: BIR TALEB | E9: 50-23 | F9: Entretien et réparation du réseau d'assainissement et de drainage | G9: Travaux de curage des canaux en terre | H9: Curage du canal d'assainisement Tihli Aval | I9: 1000000 | J9: ml | K9: 500 | M9: ='S05'!M9+L9 | N9: =IFERROR(M9/K9,0) | O9: ='S05'!N9 | P9: =N9-O9 | U9: ='S05'!T9 | V9: =T9-U9 | W9: =N9-T9
B10: 6 | C10: Sidi Kacem | D10: BIR TALEB | E10: 50-23 | F10: Entretien et réparation du réseau d'assainissement et de drainage | H10: Curage des collecteurs d'assainissement du secteur P11/1 | I10: 846731 | J10: ml | K10: 423 | M10: ='S05'!M10+L10 | N10: =IFERROR(M10/K10,0) | O10: ='S05'!N10 | P10: =N10-O10 | U10: ='S05'!T10 | V10: =T10-U10 | W10: =N10-T10
B11: 7 | C11: Sidi Kacem | D11: BIR TALEB | E11: 50-23 | F11: Entretien et réparation du réseau d'assainissement et de drainage | G11: Curage des prises sur l’oued, bâche d’aspiration et bassin de régulation. | H11: Curage des prises sur l’oued de la station de pompage P11/1. | I11: 200000 | J11: ml | K11: 67 | M11: ='S05'!M11+L11 | N11: =IFERROR(M11/K11,0) | O11: ='S05'!N11 | P11: =N11-O11 | U11: ='S05'!T11 | V11: =T11-U11 | W11: =N11-T11
B12: 8 | C12: Sidi Kacem | D12: BIR TALEB | E12: 50-21 | F12: Entretien et réparation des stations de pompage | G12: Prestation de maintenance des débitmètres et leurs équipements annexes installés au niveau des station de pompage | H12: Changement trois débitmètre Ø 400mm inondés de la station de pompage P11/1 | I12: 141900 | J12: U | K12: 3 | M12: ='S05'!M12+L12 | N12: =IFERROR(M12/K12,0) | O12: ='S05'!N12 | P12: =N12-O12 | U12: ='S05'!T12 | V12: =T12-U12 | W12: =N12-T12
B13: 9 | C13: Sidi Kacem | D13: BIR TALEB | E13: 50-21 | F13: Entretien et réparation des stations de pompage | G13: Prestations de maintenance et de réparation mécanique des pompes et des groupes motopompes submersibles des stations de pompage. | H13: Démontage et expertise des roues des pompes principaux et pompes a vide de la station P11/1 Changement des roulements, tresses et organes d’effectués de la station P11/1 | I13: 26700 | J13: U | K13: 1 | M13: ='S05'!M13+L13 | N13: =IFERROR(M13/K13,0) | O13: ='S05'!N13 | P13: =N13-O13 | U13: ='S05'!T13 | V13: =T13-U13 | W13: =N13-T13
B14: 10 | C14: Sidi Kacem | D14: BIR TALEB | E14: 50-21 | F14: Entretien et réparation des stations de pompage | G14: Stabilisation Berge oued | H14: Pose de gabions et recouvrement du talus par matelas Reno des stations de pompage P11/1. | I14: 480000 | J14: m³ | K14: 320 | M14: ='S05'!M14+L14 | N14: =IFERROR(M14/K14,0) | O14: ='S05'!N14 | P14: =N14-O14 | U14: ='S05'!T14 | V14: =T14-U14 | W14: =N14-T14
B15: 11 | C15: Sidi Kacem | D15: BIR TALEB | E15: 50-21 | F15: Entretien et réparation des stations de pompage | G15: Génie civile des locaux des stations de pompage. | H15: Expertise d’état et d’étanchéité des locaux pompes. Renforcement d’étanchéité des locaux pompe sous niveau des oueds des stations de pompage P11/1. Entretien des supports en béton des conduites d’aspiration. | I15: 300000 | J15: U | K15: 1 | M15: ='S05'!M15+L15 | N15: =IFERROR(M15/K15,0) | O15: ='S05'!N15 | P15: =N15-O15 | U15: ='S05'!T15 | V15: =T15-U15 | W15: =N15-T15
B16: 12 | C16: Sidi Kacem | D16: CHEBANAT | E16: 50-23 | F16: Entretien et réparation du réseau d'assainissement et de drainage | G16: Travaux de curage des canaux en terre | H16: Curage des collecteurs d'assainissement des secteur SH5 et SH6. | I16: 1000000 | J16: ml | K16: 500 | M16: ='S05'!M16+L16 | N16: =IFERROR(M16/K16,0) | O16: ='S05'!N16 | P16: =N16-O16 | U16: ='S05'!T16 | V16: =T16-U16 | W16: =N16-T16
B17: 13 | C17: Sidi Kacem | D17: CHEBANAT | E17: 50-23 | F17: Entretien et réparation du réseau d'assainissement et de drainage | G17: Travaux de curage des canaux révetus | H17: Curage du canal principal d'irrigation beht partie aval 1. | I17: 739200 | J17: ml | K17: 370 | M17: ='S05'!M17+L17 | N17: =IFERROR(M17/K17,0) | O17: ='S05'!N17 | P17: =N17-O17 | U17: ='S05'!T17 | V17: =T17-U17 | W17: =N17-T17
B18: 14 | C18: Sidi Kacem | D18: ZIRARA | E18: 50-23 | F18: Entretien et réparation du réseau d'assainissement et de drainage | G18: Travaux de curage des canaux révetus | H18: Curage du canal principal d'irrigation beht partie aval 2. | I18: 1276800 | J18: ml | K18: 638 | M18: ='S05'!M18+L18 | N18: =IFERROR(M18/K18,0) | O18: ='S05'!N18 | P18: =N18-O18 | U18: ='S05'!T18 | V18: =T18-U18 | W18: =N18-T18
B19: 15 | C19: Sidi Kacem | D19: DAR LAASLOUJI | E19: 50-23 | F19: Entretien et réparation du réseau d'assainissement et de drainage | G19: Travaux de curage des canaux en terre | H19: Curage des collecteurs d'assainissement des secteurs P8-1 et P8-2 | I19: 5796360 | J19: ml | K19: 2898 | M19: ='S05'!M19+L19 | N19: =IFERROR(M19/K19,0) | O19: ='S05'!N19 | P19: =N19-O19 | U19: ='S05'!T19 | V19: =T19-U19 | W19: =N19-T19
B20: 16 | C20: Sidi Kacem | D20: DAR LAASLOUJI | E20: 40-21 | F20: Travaux de pistes | G20: Entretien des pistes agricoles | H20: Entretien des pistes agricoles | I20: 340000 | J20: km | K20: 1 | M20: ='S05'!M20+L20 | N20: =IFERROR(M20/K20,0) | O20: ='S05'!N20 | P20: =N20-O20 | U20: ='S05'!T20 | V20: =T20-U20 | W20: =N20-T20
B21: 17 | C21: Sidi Kacem | D21: HOUAFATE | E21: 20-11 | F21: Travaux de réhabilitation des équipements | G21: Travaux de réhabilitation des canaux portés d'irrigation | H21: Fourniture et de pose de canaux porté et accessoires du réseau S3 du secteur S13 | I21: 397934 | J21: ml | K21: 133 | M21: ='S05'!M21+L21 | N21: =IFERROR(M21/K21,0) | O21: ='S05'!N21 | P21: =N21-O21 | U21: ='S05'!T21 | V21: =T21-U21 | W21: =N21-T21
B22: 18 | C22: Sidi Kacem | D22: HOUAFATE | E22: 20-11 | F22: Travaux de réhabilitation des équipements | H22: Fourniture et de pose de canaux porté et accessoires du réseau T2S1 du secteur S13 | I22: 207575 | J22: ml | K22: 69 | M22: ='S05'!M22+L22 | N22: =IFERROR(M22/K22,0) | O22: ='S05'!N22 | P22: =N22-O22 | U22: ='S05'!T22 | V22: =T22-U22 | W22: =N22-T22
B23: 19 | C23: Sidi Kacem | D23: HOUAFATE | E23: 40-21 | F23: Travaux de pistes | G23: Entretien des pistes agricoles | H23: Entretien des pistes agricoles | I23: 2200000 | J23: km | K23: 4 | M23: ='S05'!M23+L23 | N23: =IFERROR(M23/K23,0) | O23: ='S05'!N23 | P23: =N23-O23 | U23: ='S05'!T23 | V23: =T23-U23 | W23: =N23-T23
B24: 20 | C24: Sidi Kacem | D24: HOUAFATE | E24: 50-23 | F24: Entretien et réparation du réseau d'assainissement et de drainage | G24: Curage des prises sur l’oued, bâche d’aspiration et bassin de régulation. | H24: Curage des prises sur l’oued de la station de pompage S17 et S13. Nettoyage des grilles de préfiltration des boues colmaté de la station de pompage S17 et S13. Curage de la bâche d’aspiration de la station S17 et S13. | I24: 300000 | J24: ml | K24: 100 | M24: ='S05'!M24+L24 | N24: =IFERROR(M24/K24,0) | O24: ='S05'!N24 | P24: =N24-O24 | U24: ='S05'!T24 | V24: =T24-U24 | W24: =N24-T24
B25: 21 | C25: Sidi Kacem | D25: HOUAFATE | E25: 50-21 | F25: Entretien et réparation des stations de pompage | G25: Prestation de maintenance des débitmètres et leurs équipements annexes installés au niveau des station de pompage | H25: Changement trois débitmètre Ø 600mm inondés de la station de pompage S13. | I25: 250000 | J25: U | K25: 3 | M25: ='S05'!M25+L25 | N25: =IFERROR(M25/K25,0) | O25: ='S05'!N25 | P25: =N25-O25 | U25: ='S05'!T25 | V25: =T25-U25 | W25: =N25-T25
B26: 22 | C26: Sidi Kacem | D26: HOUAFATE | E26: 50-21 | F26: Entretien et réparation des stations de pompage | G26: Prestations de maintenance des moteurs électriques des stations de pompage. | H26: Révision des trois moteurs électriques 200 KW principaux de la station S13. Révision des deux moteurs électriques 5,5 KW groupes vide de la station S13. | I26: 25000 | J26: U | K26: 3 | M26: ='S05'!M26+L26 | N26: =IFERROR(M26/K26,0) | O26: ='S05'!N26 | P26: =N26-O26 | U26: ='S05'!T26 | V26: =T26-U26 | W26: =N26-T26
B27: 23 | C27: Sidi Kacem | D27: HOUAFATE | E27: 50-21 | F27: Entretien et réparation des stations de pompage | G27: Prestations de maintenance et de réparation mécanique des pompes et des groupes motopompes submersibles des stations de pompage. | H27: Démontage et expertise des roues des pompes principaux et pompes a vide de la station S13. Changement des roulements, tresses et organes d’effectués de la station S13. | I27: 38000 | J27: U | K27: 1 | M27: ='S05'!M27+L27 | N27: =IFERROR(M27/K27,0) | O27: ='S05'!N27 | P27: =N27-O27 | U27: ='S05'!T27 | V27: =T27-U27 | W27: =N27-T27
B28: 24 | C28: Sidi Kacem | D28: HOUAFATE | E28: 50-21 | F28: Entretien et réparation des stations de pompage | G28: Stabilisation Berge oued | H28: Pose de gabions et recouvrement du talus par matelas Reno des stations de pompage S13. | I28: 10560000 | J28: m³ | K28: 7040 | M28: ='S05'!M28+L28 | N28: =IFERROR(M28/K28,0) | O28: ='S05'!N28 | P28: =N28-O28 | U28: ='S05'!T28 | V28: =T28-U28 | W28: =N28-T28
B29: 25 | C29: Sidi Kacem | D29: HOUAFATE | E29: 50-21 | F29: Entretien et réparation des stations de pompage | G29: Mur clôture des stations de pompage. | H29: Stabilisation du sol et reconstruction des murs clôture (270m) cote oued de la station S17. | I29: 144000 | J29: ml | K29: 270 | M29: ='S05'!M29+L29 | N29: =IFERROR(M29/K29,0) | O29: ='S05'!N29 | P29: =N29-O29 | U29: ='S05'!T29 | V29: =T29-U29 | W29: =N29-T29
B30: 26 | C30: Sidi Kacem | D30: HOUAFATE | E30: 50-21 | F30: Entretien et réparation des stations de pompage | G30: Génie civile des locaux des stations de pompage. | H30: Expertise d’état et d’étanchéité des locaux pompes, commande, puissance des stations de pompage S17 et S13. Renforcement d’étanchéité des locaux pompe sous niveau des oueds des stations de pompage S17 et S13. | I30: 800000 | J30: U | K30: 1 | M30: ='S05'!M30+L30 | N30: =IFERROR(M30/K30,0) | O30: ='S05'!N30 | P30: =N30-O30 | U30: ='S05'!T30 | V30: =T30-U30 | W30: =N30-T30
B31: 27 | C31: Sidi Kacem | D31: NOUIRAT | E31: 50-23 | F31: Entretien et réparation du réseau d'assainissement et de drainage | G31: Travaux de curage des canaux en terre | H31: Curage des collecteurs d'assainissement des secteurs EST1 et N5 | I31: 1733306 | J31: ml | K31: 867 | M31: ='S05'!M31+L31 | N31: =IFERROR(M31/K31,0) | O31: ='S05'!N31 | P31: =N31-O31 | U31: ='S05'!T31 | V31: =T31-U31 | W31: =N31-T31
B32: 28 | C32: Sidi Kacem | D32: NOUIRAT | E32: 40-21 | F32: Travaux de pistes | G32: Entretien des pistes agricoles | H32: Entretien des pistes agricoles | I32: 670000 | J32: km | K32: 1 | M32: ='S05'!M32+L32 | N32: =IFERROR(M32/K32,0) | O32: ='S05'!N32 | P32: =N32-O32 | U32: ='S05'!T32 | V32: =T32-U32 | W32: =N32-T32
B33: 29 | C33: Sidi Kacem | D33: NOUIRAT | E33: 20-11 | F33: Travaux de réhabilitation des équipements | G33: Travaux de réhabilitation des ouvrages de génie civil | H33: Réhabilitation de l'ouvrage( genie civil ,gabiollannage,clapet anti retour et buse) de l'ouvrage de débouche SE1 | I33: 2500000 | J33: U | K33: 5 | M33: ='S05'!M33+L33 | N33: =IFERROR(M33/K33,0) | O33: ='S05'!N33 | P33: =N33-O33 | U33: ='S05'!T33 | V33: =T33-U33 | W33: =N33-T33
B34: 30 | C34: Sidi Kacem | D34: NOUIRAT | E34: 50-23 | F34: Entretien et réparation du réseau d'assainissement et de drainage | G34: Curage des prises sur l’oued, bâche d’aspiration et bassin de régulation. | H34: Curage des prises sur l’oued de la station de pompage E1. Nettoyage des grilles de préfiltration des boues colmaté de la station de pompage E1. Curage de la bâche d’aspiration de la station E1. | I34: 800000 | J34: ml | K34: 267 | M34: ='S05'!M34+L34 | N34: =IFERROR(M34/K34,0) | O34: ='S05'!N34 | P34: =N34-O34 | U34: ='S05'!T34 | V34: =T34-U34 | W34: =N34-T34
... B42: 38 | C42: Sidi Kacem | D42: SAFSAF | E42: 20-11 | F42: Travaux de réhabilitation des équipements | G42: Travaux de réhabilitation des canaux portés d'irrigation | H42: Fourniture et pose de canaux porté et accessoires du réseau S4 du secteur S11 | I42: 232266 | J42: ml | K42: 77 | M42: ='S05'!M42+L42 | N42: =IFERROR(M42/K42,0) | O42: ='S05'!N42 | P42: =N42-O42 | U42: ='S05'!T42 | V42: =T42-U42 | W42: =N42-T42
B43: 39 | C43: Sidi Kacem | D43: SAFSAF | E43: 20-11 | F43: Travaux de réhabilitation des équipements | H43: Recalage des canaux portés du réseau T5S5 du secteur S9 | I43: 1055025 | J43: ml | K43: 352 | M43: ='S05'!M43+L43 | N43: =IFERROR(M43/K43,0) | O43: ='S05'!N43 | P43: =N43-O43 | U43: ='S05'!T43 | V43: =T43-U43 | W43: =N43-T43
B44: 40 | C44: Sidi Kacem | D44: SAFSAF | E44: 20-11 | F44: Travaux de réhabilitation des équipements | H44: Recalage des canaux portés du réseau T7S5 du secteur S9 | I44: 1004535 | J44: ml | K44: 335 | M44: ='S05'!M44+L44 | N44: =IFERROR(M44/K44,0) | O44: ='S05'!N44 | P44: =N44-O44 | U44: ='S05'!T44 | V44: =T44-U44 | W44: =N44-T44
B45: 41 | C45: Sidi Kacem | D45: SAFSAF | E45: 20-11 | F45: Travaux de réhabilitation des équipements | H45: Recalage des canaux portés du réseau T2S5 du secteur S9 | I45: 793830 | J45: ml | K45: 265 | M45: ='S05'!M45+L45 | N45: =IFERROR(M45/K45,0) | O45: ='S05'!N45 | P45: =N45-O45 | U45: ='S05'!T45 | V45: =T45-U45 | W45: =N45-T45
B46: 42 | C46: Sidi Kacem | D46: SAFSAF | E46: 40-21 | F46: Travaux de pistes | G46: Entretien des pistes agricoles | H46: Entretien des pistes agricoles | I46: 2000000 | J46: km | K46: 4 | M46: ='S05'!M46+L46 | N46: =IFERROR(M46/K46,0) | O46: ='S05'!N46 | P46: =N46-O46 | U46: ='S05'!T46 | V46: =T46-U46 | W46: =N46-T46
B47: 43 | C47: Sidi Kacem | D47: SAFSAF | E47: 50-23 | F47: Entretien et réparation du réseau d'assainissement et de drainage | G47: Curage des prises sur l’oued, bâche d’aspiration et bassin de régulation. | H47: Curage des prises sur l’oued des stations de pompage S11, S9, 7D et 7B. Nettoyage des grilles de préfiltration des boues colmaté des stations de pompage S11, S9, 7D et 7B. Nettoyage des crépines des boues colmaté de station pompage 7D. Curage des dalots et bâche d’aspiration des stations de pompage S11, S9, 7B. | I47: 200000 | J47: ml | K47: 67 | M47: ='S05'!M47+L47 | N47: =IFERROR(M47/K47,0) | O47: ='S05'!N47 | P47: =N47-O47 | U47: ='S05'!T47 | V47: =T47-U47 | W47: =N47-T47
B48: 44 | C48: Sidi Kacem | D48: SAFSAF | E48: 50-21 | F48: Entretien et réparation des stations de pompage | G48: Prestation de maintenance des débitmètres et leurs équipements annexes installés au niveau des station de pompage | H48: Changements Sept des débitmètres Ø 600mm inondé des deux stations de pompage S11 et S9. | I48: 580000 | J48: U | K48: 7 | M48: ='S05'!M48+L48 | N48: =IFERROR(M48/K48,0) | O48: ='S05'!N48 | P48: =N48-O48 | U48: ='S05'!T48 | V48: =T48-U48 | W48: =N48-T48
B49: 45 | C49: Sidi Kacem | D49: SAFSAF | E49: 50-21 | F49: Entretien et réparation des stations de pompage | G49: Stabilisation Berge oued | H49: Pose de murs en gabions et recouvrement du talus par matelas Reno des stations de pompage S11, S9, 7D et 7B . | I49: 4000000 | J49: m³ | K49: 2667 | M49: ='S05'!M49+L49 | N49: =IFERROR(M49/K49,0) | O49: ='S05'!N49 | P49: =N49-O49 | U49: ='S05'!T49 | V49: =T49-U49 | W49: =N49-T49
B50: 46 | C50: Sidi Kacem | D50: SIDI AZZOUZ | E50: 40-21 | F50: Travaux de pistes | G50: Entretien des pistes agricoles | H50: Entretien des pistes agricoles | I50: 655000 | J50: km | K50: 1 | M50: ='S05'!M50+L50 | N50: =IFERROR(M50/K50,0) | O50: ='S05'!N50 | P50: =N50-O50 | U50: ='S05'!T50 | V50: =T50-U50 | W50: =N50-T50
B51: 47 | C51: Sidi Kacem | D51: SIDI EL KAMEL | E51: 20-11 | F51: Travaux de réhabilitation des équipements | G51: Travaux de réhabilitation des canaux portés d'irrigation | H51: Fourniture et de pose de canaux porté et accessoires du réseau SR4 du secteur S3R | I51: 5182920 | J51: ml | K51: 1728 | M51: ='S05'!M51+L51 | N51: =IFERROR(M51/K51,0) | O51: ='S05'!N51 | P51: =N51-O51 | U51: ='S05'!T51 | V51: =T51-U51 | W51: =N51-T51
B52: 48 | C52: Sidi Kacem | D52: SIDI EL KAMEL | E52: 20-11 | F52: Travaux de réhabilitation des équipements | H52: Fourniture et de pose de canaux porté et accessoires du réseau SR6 du secteur S1RIZ | I52: 152818 | J52: ml | K52: 51 | M52: ='S05'!M52+L52 | N52: =IFERROR(M52/K52,0) | O52: ='S05'!N52 | P52: =N52-O52 | U52: ='S05'!T52 | V52: =T52-U52 | W52: =N52-T52
B53: 49 | C53: Sidi Kacem | D53: SIDI EL KAMEL | E53: 20-11 | F53: Travaux de réhabilitation des équipements | H53: Recalage des canaux portés du réseau SR4 du secteur S3R | I53: 1418000 | J53: ml | K53: 473 | M53: ='S05'!M53+L53 | N53: =IFERROR(M53/K53,0) | O53: ='S05'!N53 | P53: =N53-O53 | U53: ='S05'!T53 | V53: =T53-U53 | W53: =N53-T53
B54: 50 | C54: Sidi Kacem | D54: SIDI EL KAMEL | E54: 20-11 | F54: Travaux de réhabilitation des équipements | G54: Travaux de réhabilitation des ouvrages de génie civil | H54: Réhabilitation des murs de soutènements des ouvrages de franchissements du canal d'assainissement CS3 secteur S3 et de l’ouvrage de franchissement du canal primaire d’irrigation du secteur S1R au niveau de la route provinciale P4234 | I54: 800000 | J54: ml | K54: 400 | M54: ='S05'!M54+L54 | N54: =IFERROR(M54/K54,0) | O54: ='S05'!N54 | P54: =N54-O54 | U54: ='S05'!T54 | V54: =T54-U54 | W54: =N54-T54
B55: 51 | C55: Sidi Kacem | D55: SIDI EL KAMEL | E55: 40-21 | F55: Travaux de pistes | G55: Entretien des pistes agricoles | H55: Entretien des pistes agricoles | I55: 3700000 | J55: km | K55: 7 | M55: ='S05'!M55+L55 | N55: =IFERROR(M55/K55,0) | O55: ='S05'!N55 | P55: =N55-O55 | U55: ='S05'!T55 | V55: =T55-U55 | W55: =N55-T55
B56: 52 | C56: Sidi Kacem | D56: SIDI EL KAMEL | E56: 50-21 | F56: Entretien et réparation des stations de pompage | G56: Prestation de maintenance des débitmètres et leurs équipements annexes installés au niveau des station de pompage | H56: Changement de quatre débitmètres Ø 500mm et trois Ø 800mm inondé des stations de pompage 1R, 3R et 5R. | I56: 705000 | J56: U | K56: 3 | M56: ='S05'!M56+L56 | N56: =IFERROR(M56/K56,0) | O56: ='S05'!N56 | P56: =N56-O56 | U56: ='S05'!T56 | V56: =T56-U56 | W56: =N56-T56
B57: 53 | C57: Sidi Kacem | D57: SIDI EL KAMEL | E57: 50-21 | F57: Entretien et réparation des stations de pompage | G57: Mur clôture des stations de pompage. | H57: Stabilisation et reconstruction des murs clôture cote oued des stations de pompage 7A, 3R et 1R. | I57: 372000 | J57: ml | K57: 124 | M57: ='S05'!M57+L57 | N57: =IFERROR(M57/K57,0) | O57: ='S05'!N57 | P57: =N57-O57 | U57: ='S05'!T57 | V57: =T57-U57 | W57: =N57-T57
B58: 54 | C58: Kénitra | D58: Bni malek | E58: 50-23 | F58: Entretien et réparation du réseau d'assainissement et de drainage | G58: Travaux de curage des canaux en terre | H58: Curage des emissaires et colatures secondaire au niveau des secteurs MDA ET N9 | I58: 10000000 | J58: ml | K58: 5000 | M58: ='S05'!M58+L58 | N58: =IFERROR(M58/K58,0) | O58: ='S05'!N58 | P58: =N58-O58 | U58: ='S05'!T58 | V58: =T58-U58 | W58: =N58-T58
B59: 55 | C59: Kénitra | D59: Bni malek | E59: 40-21 | F59: Travaux de pistes | G59: Travaux de réhabilitation des pistes agricoles | H59: Entretien des pistes agricoles des secteurs MDA et N3 | I59: 2000000 | J59: km | K59: 4 | M59: ='S05'!M59+L59 | N59: =IFERROR(M59/K59,0) | O59: ='S05'!N59 | P59: =N59-O59 | U59: ='S05'!T59 | V59: =T59-U59 | W59: =N59-T59
B60: 56 | C60: Kénitra | D60: Bni malek | E60: 50-21 | F60: Entretien et réparation des stations de pompage | G60: Prestations de maintenance et de réparation mécanique des pompes et des groupes motopompes submersibles des stations de pompage. | H60: station de pompage MDA secteur MDA | I60: 300000 | J60: U | K60: 1 | M60: ='S05'!M60+L60 | N60: =IFERROR(M60/K60,0) | O60: ='S05'!N60 | P60: =N60-O60 | U60: ='S05'!T60 | V60: =T60-U60 | W60: =N60-T60
B61: 57 | C61: Kénitra | D61: Bni malek | E61: 20-11 | F61: Travaux de réhabilitation des équipements | G61: Travaux de réhabilitation des ouvrages de génie civil | H61: Rétablissement des bornes affaissées des secteurs N2 et N3 | I61: 100000 | J61: U | K61: 200 | M61: ='S05'!M61+L61 | N61: =IFERROR(M61/K61,0) | O61: ='S05'!N61 | P61: =N61-O61 | U61: ='S05'!T61 | V61: =T61-U61 | W61: =N61-T61
B62: 58 | C62: Kénitra | D62: SOUK TLET | E62: 50-23 | F62: Entretien et réparation du réseau d'assainissement et de drainage | G62: Travaux de curage des canaux en terre | H62: curage des emissaires et colatures secondaire au niveau des secteurs N2,N3 ET N4, | I62: 3000000 | J62: ml | K62: 1500 | M62: ='S05'!M62+L62 | N62: =IFERROR(M62/K62,0) | O62: ='S05'!N62 | P62: =N62-O62 | U62: ='S05'!T62 | V62: =T62-U62 | W62: =N62-T62
B63: 59 | C63: Kénitra | D63: SOUK TLET | E63: 40-21 | F63: Travaux de pistes | G63: Travaux de réhabilitation des pistes agricoles | H63: Entretien des pistes des secteurs N2,N3,N4 et C4R, | I63: 5000000 | J63: U | K63: 1 | M63: ='S05'!M63+L63 | N63: =IFERROR(M63/K63,0) | O63: ='S05'!N63 | P63: =N63-O63 | U63: ='S05'!T63 | V63: =T63-U63 | W63: =N63-T63
B64: 60 | C64: Kénitra | D64: Sidi Med Lahmar | E64: 50-23 | F64: Entretien et réparation du réseau d'assainissement et de drainage | G64: Travaux de curage des canaux en terre | H64: Curage des emissaires et colatures secondaires secteurs N1 | I64: 3000000 | J64: ml | K64: 1500 | M64: ='S05'!M64+L64 | N64: =IFERROR(M64/K64,0) | O64: ='S05'!N64 | P64: =N64-O64 | U64: ='S05'!T64 | V64: =T64-U64 | W64: =N64-T64
B65: 61 | C65: Kénitra | D65: Sidi Med Lahmar | E65: 40-21 | F65: Travaux de pistes | G65: Travaux de réhabilitation des pistes agricoles | H65: Entretien des pistes agricoles des secteurs N9 et N1 | I65: 3000000 | J65: km | K65: 6 | M65: ='S05'!M65+L65 | N65: =IFERROR(M65/K65,0) | O65: ='S05'!N65 | P65: =N65-O65 | U65: ='S05'!T65 | V65: =T65-U65 | W65: =N65-T65
... B76: 72 | C76: Sidi Slimane | D76: OULED HCEINE | E76: 50-23 | F76: Entretien et réparation du réseau d'assainissement et de drainage | G76: Travaux de curage des prises des stations de pompage. | H76: Curage des siphones des station de pompage EST2 et P11/2. | I76: 500000 | J76: ml | K76: 167 | M76: ='S05'!M76+L76 | N76: =IFERROR(M76/K76,0) | O76: ='S05'!N76 | P76: =N76-O76 | U76: ='S05'!T76 | V76: =T76-U76 | W76: =N76-T76
B77: TOTAL | I77: =SUM(I5:I76) | L77: =SUM(L5:L76) | M77: =SUM(M5:M76) | N77: =IFERROR(SUMPRODUCT(N5:N76,I5:I76)/I77,0) | O77: =IFERROR(SUMPRODUCT(O5:O76,I5:I76)/I77,0) | P77: =N77-O77 | Q77: =SUM(Q5:Q76) | R77: =SUM(R5:R76) | S77: =SUM(S5:S76) | T77: =IFERROR(SUMPRODUCT(T5:T76,I5:I76)/I77,0) | U77: =IFERROR(SUMPRODUCT(U5:U76,I5:I76)/I77,0) | V77: =T77-U77 | W77: =N77-T77

Sheet S07
B2: Suivi Hebdomadaire - Semaine 7 (09/02 - 15/02) — Février 2026 - Exécution Physique et Financière
B3: Date : | C3: 46062 | E3: IDENTIFICATION | J3: INDICATEURS PHYSIQUES | Q3: INDICATEURS FINANCIERS | W3: SYNTHÈSE
B4: N° | C4: Province | D4: Commune | E4: Rubrique | F4: Intitulé Rubrique | G4: Projet | H4: Consistance | I4: Coût Total (DH) | J4: Unité | K4: Qté Prévue | L4: Qté Réalisée Sem. | M4: Qté Réalisée Cumul | N4: Avancement Physique % | O4: % Phys. Sem. Préc. | P4: Accroissement Phys. % | Q4: Montant Décaissé (DH) | R4: Montant Payé (DH) | S4: Montant Ordonné (DH) | T4: Avancement Financier % | U4: % Fin. Sem. Préc. | V4: Accroissement Fin. % | W4: Écart Phys.-Fin. | X4: Observations
B5: 1 | C5: Sidi Kacem | D5: KHENICHET | E5: 50-23 | F5: Entretien et réparation du réseau d'assainissement et de drainage | G5: Travaux de curage des canaux en terre | H5: Curage des collecteurs d'assainissement du secteur EST2 | I5: 2091568 | J5: ml | K5: 1046 | M5: ='S06'!M5+L5 | N5: =IFERROR(M5/K5,0) | O5: ='S06'!N5 | P5: =N5-O5 | U5: ='S06'!T5 | V5: =T5-U5 | W5: =N5-T5
B6: 2 | C6: Sidi Kacem | D6: KHENICHET | E6: 40-21 | F6: Travaux de pistes | G6: Travaux de réhabilitation des pistes agricoles | H6: Entretien des pistes agricoles Douar Nouagra et Douar ouled Salem | I6: 78000 | J6: km | K6: 1 | M6: ='S06'!M6+L6 | N6: =IFERROR(M6/K6,0) | O6: ='S06'!N6 | P6: =N6-O6 | U6: ='S06'!T6 | V6: =T6-U6 | W6: =N6-T6
B7: 3 | C7: Sidi Kacem | D7: KHENICHET | E7: 50-23 | F7: Entretien et réparation du réseau d'assainissement et de drainage | G7: Curage des prises sur l’oued, bâche d’aspiration et bassin de régulation. | H7: Curage de la chambre des joints de démontage des siphonnes de la station de pompage EST2. | I7: 126000 | J7: ml | K7: 42 | M7: ='S06'!M7+L7 | N7: =IFERROR(M7/K7,0) | O7: ='S06'!N7 | P7: =N7-O7 | U7: ='S06'!T7 | V7: =T7-U7 | W7: =N7-T7
B8: 4 | C8: Sidi Kacem | D8: KHENICHET | E8: 50-21 | F8: Entretien et réparation des stations de pompage | G8: Prestation de maintenance des débitmètres et leurs équipements annexes installés au niveau des station de pompage | H8: Changement trois débitmètre Ø 600mm inondés de la station de pompage EST 2 et deux capteurs VEGASON 62 | I8: 165500 | J8: U | K8: 3 | M8: ='S06'!M8+L8 | N8: =IFERROR(M8/K8,0) | O8: ='S06'!N8 | P8: =N8-O8 | U8: ='S06'!T8 | V8: =T8-U8 | W8: =N8-T8
B9: 5 | C9: Sidi Kacem | D9: BIR TALEB | E9: 50-23 | F9: Entretien et réparation du réseau d'assainissement et de drainage | G9: Travaux de curage des canaux en terre | H9: Curage du canal d'assainisement Tihli Aval | I9: 1000000 | J9: ml | K9: 500 | M9: ='S06'!M9+L9 | N9: =IFERROR(M9/K9,0) | O9: ='S06'!N9 | P9: =N9-O9 | U9: ='S06'!T9 | V9: =T9-U9 | W9: =N9-T9
B10: 6 | C10: Sidi Kacem | D10: BIR TALEB | E10: 50-23 | F10: Entretien et réparation du réseau d'assainissement et de drainage | H10: Curage des collecteurs d'assainissement du secteur P11/1 | I10: 846731 | J10: ml | K10: 423 | M10: ='S06'!M10+L10 | N10: =IFERROR(M10/K10,0) | O10: ='S06'!N10 | P10: =N10-O10 | U10: ='S06'!T10 | V10: =T10-U10 | W10: =N10-T10
B11: 7 | C11: Sidi Kacem | D11: BIR TALEB | E11: 50-23 | F11: Entretien et réparation du réseau d'assainissement et de drainage | G11: Curage des prises sur l’oued, bâche d’aspiration et bassin de régulation. | H11: Curage des prises sur l’oued de la station de pompage P11/1. | I11: 200000 | J11: ml | K11: 67 | M11: ='S06'!M11+L11 | N11: =IFERROR(M11/K11,0) | O11: ='S06'!N11 | P11: =N11-O11 | U11: ='S06'!T11 | V11: =T11-U11 | W11: =N11-T11
B12: 8 | C12: Sidi Kacem | D12: BIR TALEB | E12: 50-21 | F12: Entretien et réparation des stations de pompage | G12: Prestation de maintenance des débitmètres et leurs équipements annexes installés au niveau des station de pompage | H12: Changement trois débitmètre Ø 400mm inondés de la station de pompage P11/1 | I12: 141900 | J12: U | K12: 3 | M12: ='S06'!M12+L12 | N12: =IFERROR(M12/K12,0) | O12: ='S06'!N12 | P12: =N12-O12 | U12: ='S06'!T12 | V12: =T12-U12 | W12: =N12-T12
B13: 9 | C13: Sidi Kacem | D13: BIR TALEB | E13: 50-21 | F13: Entretien et réparation des stations de pompage | G13: Prestations de maintenance et de réparation mécanique des pompes et des groupes motopompes submersibles des stations de pompage. | H13: Démontage et expertise des roues des pompes principaux et pompes a vide de la station P11/1 Changement des roulements, tresses et organes d’effectués de la station P11/1 | I13: 26700 | J13: U | K13: 1 | M13: ='S06'!M13+L13 | N13: =IFERROR(M13/K13,0) | O13: ='S06'!N13 | P13: =N13-O13 | U13: ='S06'!T13 | V13: =T13-U13 | W13: =N13-T13
B14: 10 | C14: Sidi Kacem | D14: BIR TALEB | E14: 50-21 | F14: Entretien et réparation des stations de pompage | G14: Stabilisation Berge oued | H14: Pose de gabions et recouvrement du talus par matelas Reno des stations de pompage P11/1. | I14: 480000 | J14: m³ | K14: 320 | M14: ='S06'!M14+L14 | N14: =IFERROR(M14/K14,0) | O14: ='S06'!N14 | P14: =N14-O14 | U14: ='S06'!T14 | V14: =T14-U14 | W14: =N14-T14
B15: 11 | C15: Sidi Kacem | D15: BIR TALEB | E15: 50-21 | F15: Entretien et réparation des stations de pompage | G15: Génie civile des locaux des stations de pompage. | H15: Expertise d’état et d’étanchéité des locaux pompes. Renforcement d’étanchéité des locaux pompe sous niveau des oueds des stations de pompage P11/1. Entretien des supports en béton des conduites d’aspiration. | I15: 300000 | J15: U | K15: 1 | M15: ='S06'!M15+L15 | N15: =IFERROR(M15/K15,0) | O15: ='S06'!N15 | P15: =N15-O15 | U15: ='S06'!T15 | V15: =T15-U15 | W15: =N15-T15
B16: 12 | C16: Sidi Kacem | D16: CHEBANAT | E16: 50-23 | F16: Entretien et réparation du réseau d'assainissement et de drainage | G16: Travaux de curage des canaux en terre | H16: Curage des collecteurs d'assainissement des secteur SH5 et SH6. | I16: 1000000 | J16: ml | K16: 500 | M16: ='S06'!M16+L16 | N16: =IFERROR(M16/K16,0) | O16: ='S06'!N16 | P16: =N16-O16 | U16: ='S06'!T16 | V16: =T16-U16 | W16: =N16-T16
B17: 13 | C17: Sidi Kacem | D17: CHEBANAT | E17: 50-23 | F17: Entretien et réparation du réseau d'assainissement et de drainage | G17: Travaux de curage des canaux révetus | H17: Curage du canal principal d'irrigation beht partie aval 1. | I17: 739200 | J17: ml | K17: 370 | M17: ='S06'!M17+L17 | N17: =IFERROR(M17/K17,0) | O17: ='S06'!N17 | P17: =N17-O17 | U17: ='S06'!T17 | V17: =T17-U17 | W17: =N17-T17
B18: 14 | C18: Sidi Kacem | D18: ZIRARA | E18: 50-23 | F18: Entretien et réparation du réseau d'assainissement et de drainage | G18: Travaux de curage des canaux révetus | H18: Curage du canal principal d'irrigation beht partie aval 2. | I18: 1276800 | J18: ml | K18: 638 | M18: ='S06'!M18+L18 | N18: =IFERROR(M18/K18,0) | O18: ='S06'!N18 | P18: =N18-O18 | U18: ='S06'!T18 | V18: =T18-U18 | W18: =N18-T18
B19: 15 | C19: Sidi Kacem | D19: DAR LAASLOUJI | E19: 50-23 | F19: Entretien et réparation du réseau d'assainissement et de drainage | G19: Travaux de curage des canaux en terre | H19: Curage des collecteurs d'assainissement des secteurs P8-1 et P8-2 | I19: 5796360 | J19: ml | K19: 2898 | M19: ='S06'!M19+L19 | N19: =IFERROR(M19/K19,0) | O19: ='S06'!N19 | P19: =N19-O19 | U19: ='S06'!T19 | V19: =T19-U19 | W19: =N19-T19
B20: 16 | C20: Sidi Kacem | D20: DAR LAASLOUJI | E20: 40-21 | F20: Travaux de pistes | G20: Entretien des pistes agricoles | H20: Entretien des pistes agricoles | I20: 340000 | J20: km | K20: 1 | M20: ='S06'!M20+L20 | N20: =IFERROR(M20/K20,0) | O20: ='S06'!N20 | P20: =N20-O20 | U20: ='S06'!T20 | V20: =T20-U20 | W20: =N20-T20
B21: 17 | C21: Sidi Kacem | D21: HOUAFATE | E21: 20-11 | F21: Travaux de réhabilitation des équipements | G21: Travaux de réhabilitation des canaux portés d'irrigation | H21: Fourniture et de pose de canaux porté et accessoires du réseau S3 du secteur S13 | I21: 397934 | J21: ml | K21: 133 | M21: ='S06'!M21+L21 | N21: =IFERROR(M21/K21,0) | O21: ='S06'!N21 | P21: =N21-O21 | U21: ='S06'!T21 | V21: =T21-U21 | W21: =N21-T21
B22: 18 | C22: Sidi Kacem | D22: HOUAFATE | E22: 20-11 | F22: Travaux de réhabilitation des équipements | H22: Fourniture et de pose de canaux porté et accessoires du réseau T2S1 du secteur S13 | I22: 207575 | J22: ml | K22: 69 | M22: ='S06'!M22+L22 | N22: =IFERROR(M22/K22,0) | O22: ='S06'!N22 | P22: =N22-O22 | U22: ='S06'!T22 | V22: =T22-U22 | W22: =N22-T22
B23: 19 | C23: Sidi Kacem | D23: HOUAFATE | E23: 40-21 | F23: Travaux de pistes | G23: Entretien des pistes agricoles | H23: Entretien des pistes agricoles | I23: 2200000 | J23: km | K23: 4 | M23: ='S06'!M23+L23 | N23: =IFERROR(M23/K23,0) | O23: ='S06'!N23 | P23: =N23-O23 | U23: ='S06'!T23 | V23: =T23-U23 | W23: =N23-T23
B24: 20 | C24: Sidi Kacem | D24: HOUAFATE | E24: 50-23 | F24: Entretien et réparation du réseau d'assainissement et de drainage | G24: Curage des prises sur l’oued, bâche d’aspiration et bassin de régulation. | H24: Curage des prises sur l’oued de la station de pompage S17 et S13. Nettoyage des grilles de préfiltration des boues colmaté de la station de pompage S17 et S13. Curage de la bâche d’aspiration de la station S17 et S13. | I24: 300000 | J24: ml | K24: 100 | M24: ='S06'!M24+L24 | N24: =IFERROR(M24/K24,0) | O24: ='S06'!N24 | P24: =N24-O24 | U24: ='S06'!T24 | V24: =T24-U24 | W24: =N24-T24
B25: 21 | C25: Sidi Kacem | D25: HOUAFATE | E25: 50-21 | F25: Entretien et réparation des stations de pompage | G25: Prestation de maintenance des débitmètres et leurs équipements annexes installés au niveau des station de pompage | H25: Changement trois débitmètre Ø 600mm inondés de la station de pompage S13. | I25: 250000 | J25: U | K25: 3 | M25: ='S06'!M25+L25 | N25: =IFERROR(M25/K25,0) | O25: ='S06'!N25 | P25: =N25-O25 | U25: ='S06'!T25 | V25: =T25-U25 | W25: =N25-T25
B26: 22 | C26: Sidi Kacem | D26: HOUAFATE | E26: 50-21 | F26: Entretien et réparation des stations de pompage | G26: Prestations de maintenance des moteurs électriques des stations de pompage. | H26: Révision des trois moteurs électriques 200 KW principaux de la station S13. Révision des deux moteurs électriques 5,5 KW groupes vide de la station S13. | I26: 25000 | J26: U | K26: 3 | M26: ='S06'!M26+L26 | N26: =IFERROR(M26/K26,0) | O26: ='S06'!N26 | P26: =N26-O26 | U26: ='S06'!T26 | V26: =T26-U26 | W26: =N26-T26
B27: 23 | C27: Sidi Kacem | D27: HOUAFATE | E27: 50-21 | F27: Entretien et réparation des stations de pompage | G27: Prestations de maintenance et de réparation mécanique des pompes et des groupes motopompes submersibles des stations de pompage. | H27: Démontage et expertise des roues des pompes principaux et pompes a vide de la station S13. Changement des roulements, tresses et organes d’effectués de la station S13. | I27: 38000 | J27: U | K27: 1 | M27: ='S06'!M27+L27 | N27: =IFERROR(M27/K27,0) | O27: ='S06'!N27 | P27: =N27-O27 | U27: ='S06'!T27 | V27: =T27-U27 | W27: =N27-T27
B28: 24 | C28: Sidi Kacem | D28: HOUAFATE | E28: 50-21 | F28: Entretien et réparation des stations de pompage | G28: Stabilisation Berge oued | H28: Pose de gabions et recouvrement du talus par matelas Reno des stations de pompage S13. | I28: 10560000 | J28: m³ | K28: 7040 | M28: ='S06'!M28+L28 | N28: =IFERROR(M28/K28,0) | O28: ='S06'!N28 | P28: =N28-O28 | U28: ='S06'!T28 | V28: =T28-U28 | W28: =N28-T28
B29: 25 | C29: Sidi Kacem | D29: HOUAFATE | E29: 50-21 | F29: Entretien et réparation des stations de pompage | G29: Mur clôture des stations de pompage. | H29: Stabilisation du sol et reconstruction des murs clôture (270m) cote oued de la station S17. | I29: 144000 | J29: ml | K29: 270 | M29: ='S06'!M29+L29 | N29: =IFERROR(M29/K29,0) | O29: ='S06'!N29 | P29: =N29-O29 | U29: ='S06'!T29 | V29: =T29-U29 | W29: =N29-T29
B30: 26 | C30: Sidi Kacem | D30: HOUAFATE | E30: 50-21 | F30: Entretien et réparation des stations de pompage | G30: Génie civile des locaux des stations de pompage. | H30: Expertise d’état et d’étanchéité des locaux pompes, commande, puissance des stations de pompage S17 et S13. Renforcement d’étanchéité des locaux pompe sous niveau des oueds des stations de pompage S17 et S13. | I30: 800000 | J30: U | K30: 1 | M30: ='S06'!M30+L30 | N30: =IFERROR(M30/K30,0) | O30: ='S06'!N30 | P30: =N30-O30 | U30: ='S06'!T30 | V30: =T30-U30 | W30: =N30-T30
B31: 27 | C31: Sidi Kacem | D31: NOUIRAT | E31: 50-23 | F31: Entretien et réparation du réseau d'assainissement et de drainage | G31: Travaux de curage des canaux en terre | H31: Curage des collecteurs d'assainissement des secteurs EST1 et N5 | I31: 1733306 | J31: ml | K31: 867 | M31: ='S06'!M31+L31 | N31: =IFERROR(M31/K31,0) | O31: ='S06'!N31 | P31: =N31-O31 | U31: ='S06'!T31 | V31: =T31-U31 | W31: =N31-T31
B32: 28 | C32: Sidi Kacem | D32: NOUIRAT | E32: 40-21 | F32: Travaux de pistes | G32: Entretien des pistes agricoles | H32: Entretien des pistes agricoles | I32: 670000 | J32: km | K32: 1 | M32: ='S06'!M32+L32 | N32: =IFERROR(M32/K32,0) | O32: ='S06'!N32 | P32: =N32-O32 | U32: ='S06'!T32 | V32: =T32-U32 | W32: =N32-T32
B33: 29 | C33: Sidi Kacem | D33: NOUIRAT | E33: 20-11 | F33: Travaux de réhabilitation des équipements | G33: Travaux de réhabilitation des ouvrages de génie civil | H33: Réhabilitation de l'ouvrage( genie civil ,gabiollannage,clapet anti retour et buse) de l'ouvrage de débouche SE1 | I33: 2500000 | J33: U | K33: 5 | M33: ='S06'!M33+L33 | N33: =IFERROR(M33/K33,0) | O33: ='S06'!N33 | P33: =N33-O33 | U33: ='S06'!T33 | V33: =T33-U33 | W33: =N33-T33
B34: 30 | C34: Sidi Kacem | D34: NOUIRAT | E34: 50-23 | F34: Entretien et réparation du réseau d'assainissement et de drainage | G34: Curage des prises sur l’oued, bâche d’aspiration et bassin de régulation. | H34: Curage des prises sur l’oued de la station de pompage E1. Nettoyage des grilles de préfiltration des boues colmaté de la station de pompage E1. Curage de la bâche d’aspiration de la station E1. | I34: 800000 | J34: ml | K34: 267 | M34: ='S06'!M34+L34 | N34: =IFERROR(M34/K34,0) | O34: ='S06'!N34 | P34: =N34-O34 | U34: ='S06'!T34 | V34: =T34-U34 | W34: =N34-T34
... B42: 38 | C42: Sidi Kacem | D42: SAFSAF | E42: 20-11 | F42: Travaux de réhabilitation des équipements | G42: Travaux de réhabilitation des canaux portés d'irrigation | H42: Fourniture et pose de canaux porté et accessoires du réseau S4 du secteur S11 | I42: 232266 | J42: ml | K42: 77 | M42: ='S06'!M42+L42 | N42: =IFERROR(M42/K42,0) | O42: ='S06'!N42 | P42: =N42-O42 | U42: ='S06'!T42 | V42: =T42-U42 | W42: =N42-T42
B43: 39 | C43: Sidi Kacem | D43: SAFSAF | E43: 20-11 | F43: Travaux de réhabilitation des équipements | H43: Recalage des canaux portés du réseau T5S5 du secteur S9 | I43: 1055025 | J43: ml | K43: 352 | M43: ='S06'!M43+L43 | N43: =IFERROR(M43/K43,0) | O43: ='S06'!N43 | P43: =N43-O43 | U43: ='S06'!T43 | V43: =T43-U43 | W43: =N43-T43
B44: 40 | C44: Sidi Kacem | D44: SAFSAF | E44: 20-11 | F44: Travaux de réhabilitation des équipements | H44: Recalage des canaux portés du réseau T7S5 du secteur S9 | I44: 1004535 | J44: ml | K44: 335 | M44: ='S06'!M44+L44 | N44: =IFERROR(M44/K44,0) | O44: ='S06'!N44 | P44: =N44-O44 | U44: ='S06'!T44 | V44: =T44-U44 | W44: =N44-T44
B45: 41 | C45: Sidi Kacem | D45: SAFSAF | E45: 20-11 | F45: Travaux de réhabilitation des équipements | H45: Recalage des canaux portés du réseau T2S5 du secteur S9 | I45: 793830 | J45: ml | K45: 265 | M45: ='S06'!M45+L45 | N45: =IFERROR(M45/K45,0) | O45: ='S06'!N45 | P45: =N45-O45 | U45: ='S06'!T45 | V45: =T45-U45 | W45: =N45-T45
B46: 42 | C46: Sidi Kacem | D46: SAFSAF | E46: 40-21 | F46: Travaux de pistes | G46: Entretien des pistes agricoles | H46: Entretien des pistes agricoles | I46: 2000000 | J46: km | K46: 4 | M46: ='S06'!M46+L46 | N46: =IFERROR(M46/K46,0) | O46: ='S06'!N46 | P46: =N46-O46 | U46: ='S06'!T46 | V46: =T46-U46 | W46: =N46-T46
B47: 43 | C47: Sidi Kacem | D47: SAFSAF | E47: 50-23 | F47: Entretien et réparation du réseau d'assainissement et de drainage | G47: Curage des prises sur l’oued, bâche d’aspiration et bassin de régulation. | H47: Curage des prises sur l’oued des stations de pompage S11, S9, 7D et 7B. Nettoyage des grilles de préfiltration des boues colmaté des stations de pompage S11, S9, 7D et 7B. Nettoyage des crépines des boues colmaté de station pompage 7D. Curage des dalots et bâche d’aspiration des stations de pompage S11, S9, 7B. | I47: 200000 | J47: ml | K47: 67 | M47: ='S06'!M47+L47 | N47: =IFERROR(M47/K47,0) | O47: ='S06'!N47 | P47: =N47-O47 | U47: ='S06'!T47 | V47: =T47-U47 | W47: =N47-T47
B48: 44 | C48: Sidi Kacem | D48: SAFSAF | E48: 50-21 | F48: Entretien et réparation des stations de pompage | G48: Prestation de maintenance des débitmètres et leurs équipements annexes installés au niveau des station de pompage | H48: Changements Sept des débitmètres Ø 600mm inondé des deux stations de pompage S11 et S9. | I48: 580000 | J48: U | K48: 7 | M48: ='S06'!M48+L48 | N48: =IFERROR(M48/K48,0) | O48: ='S06'!N48 | P48: =N48-O48 | U48: ='S06'!T48 | V48: =T48-U48 | W48: =N48-T48
B49: 45 | C49: Sidi Kacem | D49: SAFSAF | E49: 50-21 | F49: Entretien et réparation des stations de pompage | G49: Stabilisation Berge oued | H49: Pose de murs en gabions et recouvrement du talus par matelas Reno des stations de pompage S11, S9, 7D et 7B . | I49: 4000000 | J49: m³ | K49: 2667 | M49: ='S06'!M49+L49 | N49: =IFERROR(M49/K49,0) | O49: ='S06'!N49 | P49: =N49-O49 | U49: ='S06'!T49 | V49: =T49-U49 | W49: =N49-T49
B50: 46 | C50: Sidi Kacem | D50: SIDI AZZOUZ | E50: 40-21 | F50: Travaux de pistes | G50: Entretien des pistes agricoles | H50: Entretien des pistes agricoles | I50: 655000 | J50: km | K50: 1 | M50: ='S06'!M50+L50 | N50: =IFERROR(M50/K50,0) | O50: ='S06'!N50 | P50: =N50-O50 | U50: ='S06'!T50 | V50: =T50-U50 | W50: =N50-T50
B51: 47 | C51: Sidi Kacem | D51: SIDI EL KAMEL | E51: 20-11 | F51: Travaux de réhabilitation des équipements | G51: Travaux de réhabilitation des canaux portés d'irrigation | H51: Fourniture et de pose de canaux porté et accessoires du réseau SR4 du secteur S3R | I51: 5182920 | J51: ml | K51: 1728 | M51: ='S06'!M51+L51 | N51: =IFERROR(M51/K51,0) | O51: ='S06'!N51 | P51: =N51-O51 | U51: ='S06'!T51 | V51: =T51-U51 | W51: =N51-T51
B52: 48 | C52: Sidi Kacem | D52: SIDI EL KAMEL | E52: 20-11 | F52: Travaux de réhabilitation des équipements | H52: Fourniture et de pose de canaux porté et accessoires du réseau SR6 du secteur S1RIZ | I52: 152818 | J52: ml | K52: 51 | M52: ='S06'!M52+L52 | N52: =IFERROR(M52/K52,0) | O52: ='S06'!N52 | P52: =N52-O52 | U52: ='S06'!T52 | V52: =T52-U52 | W52: =N52-T52
B53: 49 | C53: Sidi Kacem | D53: SIDI EL KAMEL | E53: 20-11 | F53: Travaux de réhabilitation des équipements | H53: Recalage des canaux portés du réseau SR4 du secteur S3R | I53: 1418000 | J53: ml | K53: 473 | M53: ='S06'!M53+L53 | N53: =IFERROR(M53/K53,0) | O53: ='S06'!N53 | P53: =N53-O53 | U53: ='S06'!T53 | V53: =T53-U53 | W53: =N53-T53
B54: 50 | C54: Sidi Kacem | D54: SIDI EL KAMEL | E54: 20-11 | F54: Travaux de réhabilitation des équipements | G54: Travaux de réhabilitation des ouvrages de génie civil | H54: Réhabilitation des murs de soutènements des ouvrages de franchissements du canal d'assainissement CS3 secteur S3 et de l’ouvrage de franchissement du canal primaire d’irrigation du secteur S1R au niveau de la route provinciale P4234 | I54: 800000 | J54: ml | K54: 400 | M54: ='S06'!M54+L54 | N54: =IFERROR(M54/K54,0) | O54: ='S06'!N54 | P54: =N54-O54 | U54: ='S06'!T54 | V54: =T54-U54 | W54: =N54-T54
B55: 51 | C55: Sidi Kacem | D55: SIDI EL KAMEL | E55: 40-21 | F55: Travaux de pistes | G55: Entretien des pistes agricoles | H55: Entretien des pistes agricoles | I55: 3700000 | J55: km | K55: 7 | M55: ='S06'!M55+L55 | N55: =IFERROR(M55/K55,0) | O55: ='S06'!N55 | P55: =N55-O55 | U55: ='S06'!T55 | V55: =T55-U55 | W55: =N55-T55
B56: 52 | C56: Sidi Kacem | D56: SIDI EL KAMEL | E56: 50-21 | F56: Entretien et réparation des stations de pompage | G56: Prestation de maintenance des débitmètres et leurs équipements annexes installés au niveau des station de pompage | H56: Changement de quatre débitmètres Ø 500mm et trois Ø 800mm inondé des stations de pompage 1R, 3R et 5R. | I56: 705000 | J56: U | K56: 3 | M56: ='S06'!M56+L56 | N56: =IFERROR(M56/K56,0) | O56: ='S06'!N56 | P56: =N56-O56 | U56: ='S06'!T56 | V56: =T56-U56 | W56: =N56-T56
B57: 53 | C57: Sidi Kacem | D57: SIDI EL KAMEL | E57: 50-21 | F57: Entretien et réparation des stations de pompage | G57: Mur clôture des stations de pompage. | H57: Stabilisation et reconstruction des murs clôture cote oued des stations de pompage 7A, 3R et 1R. | I57: 372000 | J57: ml | K57: 124 | M57: ='S06'!M57+L57 | N57: =IFERROR(M57/K57,0) | O57: ='S06'!N57 | P57: =N57-O57 | U57: ='S06'!T57 | V57: =T57-U57 | W57: =N57-T57
B58: 54 | C58: Kénitra | D58: Bni malek | E58: 50-23 | F58: Entretien et réparation du réseau d'assainissement et de drainage | G58: Travaux de curage des canaux en terre | H58: Curage des emissaires et colatures secondaire au niveau des secteurs MDA ET N9 | I58: 10000000 | J58: ml | K58: 5000 | M58: ='S06'!M58+L58 | N58: =IFERROR(M58/K58,0) | O58: ='S06'!N58 | P58: =N58-O58 | U58: ='S06'!T58 | V58: =T58-U58 | W58: =N58-T58
B59: 55 | C59: Kénitra | D59: Bni malek | E59: 40-21 | F59: Travaux de pistes | G59: Travaux de réhabilitation des pistes agricoles | H59: Entretien des pistes agricoles des secteurs MDA et N3 | I59: 2000000 | J59: km | K59: 4 | M59: ='S06'!M59+L59 | N59: =IFERROR(M59/K59,0) | O59: ='S06'!N59 | P59: =N59-O59 | U59: ='S06'!T59 | V59: =T59-U59 | W59: =N59-T59
B60: 56 | C60: Kénitra | D60: Bni malek | E60: 50-21 | F60: Entretien et réparation des stations de pompage | G60: Prestations de maintenance et de réparation mécanique des pompes et des groupes motopompes submersibles des stations de pompage. | H60: station de pompage MDA secteur MDA | I60: 300000 | J60: U | K60: 1 | M60: ='S06'!M60+L60 | N60: =IFERROR(M60/K60,0) | O60: ='S06'!N60 | P60: =N60-O60 | U60: ='S06'!T60 | V60: =T60-U60 | W60: =N60-T60
B61: 57 | C61: Kénitra | D61: Bni malek | E61: 20-11 | F61: Travaux de réhabilitation des équipements | G61: Travaux de réhabilitation des ouvrages de génie civil | H61: Rétablissement des bornes affaissées des secteurs N2 et N3 | I61: 100000 | J61: U | K61: 200 | M61: ='S06'!M61+L61 | N61: =IFERROR(M61/K61,0) | O61: ='S06'!N61 | P61: =N61-O61 | U61: ='S06'!T61 | V61: =T61-U61 | W61: =N61-T61
B62: 58 | C62: Kénitra | D62: SOUK TLET | E62: 50-23 | F62: Entretien et réparation du réseau d'assainissement et de drainage | G62: Travaux de curage des canaux en terre | H62: curage des emissaires et colatures secondaire au niveau des secteurs N2,N3 ET N4, | I62: 3000000 | J62: ml | K62: 1500 | M62: ='S06'!M62+L62 | N62: =IFERROR(M62/K62,0) | O62: ='S06'!N62 | P62: =N62-O62 | U62: ='S06'!T62 | V62: =T62-U62 | W62: =N62-T62
B63: 59 | C63: Kénitra | D63: SOUK TLET | E63: 40-21 | F63: Travaux de pistes | G63: Travaux de réhabilitation des pistes agricoles | H63: Entretien des pistes des secteurs N2,N3,N4 et C4R, | I63: 5000000 | J63: U | K63: 1 | M63: ='S06'!M63+L63 | N63: =IFERROR(M63/K63,0) | O63: ='S06'!N63 | P63: =N63-O63 | U63: ='S06'!T63 | V63: =T63-U63 | W63: =N63-T63
B64: 60 | C64: Kénitra | D64: Sidi Med Lahmar | E64: 50-23 | F64: Entretien et réparation du réseau d'assainissement et de drainage | G64: Travaux de curage des canaux en terre | H64: Curage des emissaires et colatures secondaires secteurs N1 | I64: 3000000 | J64: ml | K64: 1500 | M64: ='S06'!M64+L64 | N64: =IFERROR(M64/K64,0) | O64: ='S06'!N64 | P64: =N64-O64 | U64: ='S06'!T64 | V64: =T64-U64 | W64: =N64-T64
B65: 61 | C65: Kénitra | D65: Sidi Med Lahmar | E65: 40-21 | F65: Travaux de pistes | G65: Travaux de réhabilitation des pistes agricoles | H65: Entretien des pistes agricoles des secteurs N9 et N1 | I65: 3000000 | J65: km | K65: 6 | M65: ='S06'!M65+L65 | N65: =IFERROR(M65/K65,0) | O65: ='S06'!N65 | P65: =N65-O65 | U65: ='S06'!T65 | V65: =T65-U65 | W65: =N65-T65
... B76: 72 | C76: Sidi Slimane | D76: OULED HCEINE | E76: 50-23 | F76: Entretien et réparation du réseau d'assainissement et de drainage | G76: Travaux de curage des prises des stations de pompage. | H76: Curage des siphones des station de pompage EST2 et P11/2. | I76: 500000 | J76: ml | K76: 167 | M76: ='S06'!M76+L76 | N76: =IFERROR(M76/K76,0) | O76: ='S06'!N76 | P76: =N76-O76 | U76: ='S06'!T76 | V76: =T76-U76 | W76: =N76-T76
B77: TOTAL | I77: =SUM(I5:I76) | L77: =SUM(L5:L76) | M77: =SUM(M5:M76) | N77: =IFERROR(SUMPRODUCT(N5:N76,I5:I76)/I77,0) | O77: =IFERROR(SUMPRODUCT(O5:O76,I5:I76)/I77,0) | P77: =N77-O77 | Q77: =SUM(Q5:Q76) | R77: =SUM(R5:R76) | S77: =SUM(S5:S76) | T77: =IFERROR(SUMPRODUCT(T5:T76,I5:I76)/I77,0) | U77: =IFERROR(SUMPRODUCT(U5:U76,I5:I76)/I77,0) | V77: =T77-U77 | W77: =N77-T77

Sheet S08
B2: Suivi Hebdomadaire - Semaine 8 (16/02 - 22/02) — Février 2026 - Exécution Physique et Financière
B3: Date : | C3: 46069 | E3: IDENTIFICATION | J3: INDICATEURS PHYSIQUES | Q3: INDICATEURS FINANCIERS | W3: SYNTHÈSE
B4: N° | C4: Province | D4: Commune | E4: Rubrique | F4: Intitulé Rubrique | G4: Projet | H4: Consistance | I4: Coût Total (DH) | J4: Unité | K4: Qté Prévue | L4: Qté Réalisée Sem. | M4: Qté Réalisée Cumul | N4: Avancement Physique % | O4: % Phys. Sem. Préc. | P4: Accroissement Phys. % | Q4: Montant Décaissé (DH) | R4: Montant Payé (DH) | S4: Montant Ordonné (DH) | T4: Avancement Financier % | U4: % Fin. Sem. Préc. | V4: Accroissement Fin. % | W4: Écart Phys.-Fin. | X4: Observations
B5: 1 | C5: Sidi Kacem | D5: KHENICHET | E5: 50-23 | F5: Entretien et réparation du réseau d'assainissement et de drainage | G5: Travaux de curage des canaux en terre | H5: Curage des collecteurs d'assainissement du secteur EST2 | I5: 2091568 | J5: ml | K5: 1046 | M5: ='S07'!M5+L5 | N5: =IFERROR(M5/K5,0) | O5: ='S07'!N5 | P5: =N5-O5 | U5: ='S07'!T5 | V5: =T5-U5 | W5: =N5-T5
B6: 2 | C6: Sidi Kacem | D6: KHENICHET | E6: 40-21 | F6: Travaux de pistes | G6: Travaux de réhabilitation des pistes agricoles | H6: Entretien des pistes agricoles Douar Nouagra et Douar ouled Salem | I6: 78000 | J6: km | K6: 1 | M6: ='S07'!M6+L6 | N6: =IFERROR(M6/K6,0) | O6: ='S07'!N6 | P6: =N6-O6 | U6: ='S07'!T6 | V6: =T6-U6 | W6: =N6-T6
B7: 3 | C7: Sidi Kacem | D7: KHENICHET | E7: 50-23 | F7: Entretien et réparation du réseau d'assainissement et de drainage | G7: Curage des prises sur l’oued, bâche d’aspiration et bassin de régulation. | H7: Curage de la chambre des joints de démontage des siphonnes de la station de pompage EST2. | I7: 126000 | J7: ml | K7: 42 | M7: ='S07'!M7+L7 | N7: =IFERROR(M7/K7,0) | O7: ='S07'!N7 | P7: =N7-O7 | U7: ='S07'!T7 | V7: =T7-U7 | W7: =N7-T7
B8: 4 | C8: Sidi Kacem | D8: KHENICHET | E8: 50-21 | F8: Entretien et réparation des stations de pompage | G8: Prestation de maintenance des débitmètres et leurs équipements annexes installés au niveau des station de pompage | H8: Changement trois débitmètre Ø 600mm inondés de la station de pompage EST 2 et deux capteurs VEGASON 62 | I8: 165500 | J8: U | K8: 3 | M8: ='S07'!M8+L8 | N8: =IFERROR(M8/K8,0) | O8: ='S07'!N8 | P8: =N8-O8 | U8: ='S07'!T8 | V8: =T8-U8 | W8: =N8-T8
B9: 5 | C9: Sidi Kacem | D9: BIR TALEB | E9: 50-23 | F9: Entretien et réparation du réseau d'assainissement et de drainage | G9: Travaux de curage des canaux en terre | H9: Curage du canal d'assainisement Tihli Aval | I9: 1000000 | J9: ml | K9: 500 | M9: ='S07'!M9+L9 | N9: =IFERROR(M9/K9,0) | O9: ='S07'!N9 | P9: =N9-O9 | U9: ='S07'!T9 | V9: =T9-U9 | W9: =N9-T9
B10: 6 | C10: Sidi Kacem | D10: BIR TALEB | E10: 50-23 | F10: Entretien et réparation du réseau d'assainissement et de drainage | H10: Curage des collecteurs d'assainissement du secteur P11/1 | I10: 846731 | J10: ml | K10: 423 | M10: ='S07'!M10+L10 | N10: =IFERROR(M10/K10,0) | O10: ='S07'!N10 | P10: =N10-O10 | U10: ='S07'!T10 | V10: =T10-U10 | W10: =N10-T10
B11: 7 | C11: Sidi Kacem | D11: BIR TALEB | E11: 50-23 | F11: Entretien et réparation du réseau d'assainissement et de drainage | G11: Curage des prises sur l’oued, bâche d’aspiration et bassin de régulation. | H11: Curage des prises sur l’oued de la station de pompage P11/1. | I11: 200000 | J11: ml | K11: 67 | M11: ='S07'!M11+L11 | N11: =IFERROR(M11/K11,0) | O11: ='S07'!N11 | P11: =N11-O11 | U11: ='S07'!T11 | V11: =T11-U11 | W11: =N11-T11
B12: 8 | C12: Sidi Kacem | D12: BIR TALEB | E12: 50-21 | F12: Entretien et réparation des stations de pompage | G12: Prestation de maintenance des débitmètres et leurs équipements annexes installés au niveau des station de pompage | H12: Changement trois débitmètre Ø 400mm inondés de la station de pompage P11/1 | I12: 141900 | J12: U | K12: 3 | M12: ='S07'!M12+L12 | N12: =IFERROR(M12/K12,0) | O12: ='S07'!N12 | P12: =N12-O12 | U12: ='S07'!T12 | V12: =T12-U12 | W12: =N12-T12
B13: 9 | C13: Sidi Kacem | D13: BIR TALEB | E13: 50-21 | F13: Entretien et réparation des stations de pompage | G13: Prestations de maintenance et de réparation mécanique des pompes et des groupes motopompes submersibles des stations de pompage. | H13: Démontage et expertise des roues des pompes principaux et pompes a vide de la station P11/1 Changement des roulements, tresses et organes d’effectués de la station P11/1 | I13: 26700 | J13: U | K13: 1 | M13: ='S07'!M13+L13 | N13: =IFERROR(M13/K13,0) | O13: ='S07'!N13 | P13: =N13-O13 | U13: ='S07'!T13 | V13: =T13-U13 | W13: =N13-T13
B14: 10 | C14: Sidi Kacem | D14: BIR TALEB | E14: 50-21 | F14: Entretien et réparation des stations de pompage | G14: Stabilisation Berge oued | H14: Pose de gabions et recouvrement du talus par matelas Reno des stations de pompage P11/1. | I14: 480000 | J14: m³ | K14: 320 | M14: ='S07'!M14+L14 | N14: =IFERROR(M14/K14,0) | O14: ='S07'!N14 | P14: =N14-O14 | U14: ='S07'!T14 | V14: =T14-U14 | W14: =N14-T14
B15: 11 | C15: Sidi Kacem | D15: BIR TALEB | E15: 50-21 | F15: Entretien et réparation des stations de pompage | G15: Génie civile des locaux des stations de pompage. | H15: Expertise d’état et d’étanchéité des locaux pompes. Renforcement d’étanchéité des locaux pompe sous niveau des oueds des stations de pompage P11/1. Entretien des supports en béton des conduites d’aspiration. | I15: 300000 | J15: U | K15: 1 | M15: ='S07'!M15+L15 | N15: =IFERROR(M15/K15,0) | O15: ='S07'!N15 | P15: =N15-O15 | U15: ='S07'!T15 | V15: =T15-U15 | W15: =N15-T15
B16: 12 | C16: Sidi Kacem | D16: CHEBANAT | E16: 50-23 | F16: Entretien et réparation du réseau d'assainissement et de drainage | G16: Travaux de curage des canaux en terre | H16: Curage des collecteurs d'assainissement des secteur SH5 et SH6. | I16: 1000000 | J16: ml | K16: 500 | M16: ='S07'!M16+L16 | N16: =IFERROR(M16/K16,0) | O16: ='S07'!N16 | P16: =N16-O16 | U16: ='S07'!T16 | V16: =T16-U16 | W16: =N16-T16
B17: 13 | C17: Sidi Kacem | D17: CHEBANAT | E17: 50-23 | F17: Entretien et réparation du réseau d'assainissement et de drainage | G17: Travaux de curage des canaux révetus | H17: Curage du canal principal d'irrigation beht partie aval 1. | I17: 739200 | J17: ml | K17: 370 | M17: ='S07'!M17+L17 | N17: =IFERROR(M17/K17,0) | O17: ='S07'!N17 | P17: =N17-O17 | U17: ='S07'!T17 | V17: =T17-U17 | W17: =N17-T17
B18: 14 | C18: Sidi Kacem | D18: ZIRARA | E18: 50-23 | F18: Entretien et réparation du réseau d'assainissement et de drainage | G18: Travaux de curage des canaux révetus | H18: Curage du canal principal d'irrigation beht partie aval 2. | I18: 1276800 | J18: ml | K18: 638 | M18: ='S07'!M18+L18 | N18: =IFERROR(M18/K18,0) | O18: ='S07'!N18 | P18: =N18-O18 | U18: ='S07'!T18 | V18: =T18-U18 | W18: =N18-T18
B19: 15 | C19: Sidi Kacem | D19: DAR LAASLOUJI | E19: 50-23 | F19: Entretien et réparation du réseau d'assainissement et de drainage | G19: Travaux de curage des canaux en terre | H19: Curage des collecteurs d'assainissement des secteurs P8-1 et P8-2 | I19: 5796360 | J19: ml | K19: 2898 | M19: ='S07'!M19+L19 | N19: =IFERROR(M19/K19,0) | O19: ='S07'!N19 | P19: =N19-O19 | U19: ='S07'!T19 | V19: =T19-U19 | W19: =N19-T19
B20: 16 | C20: Sidi Kacem | D20: DAR LAASLOUJI | E20: 40-21 | F20: Travaux de pistes | G20: Entretien des pistes agricoles | H20: Entretien des pistes agricoles | I20: 340000 | J20: km | K20: 1 | M20: ='S07'!M20+L20 | N20: =IFERROR(M20/K20,0) | O20: ='S07'!N20 | P20: =N20-O20 | U20: ='S07'!T20 | V20: =T20-U20 | W20: =N20-T20
B21: 17 | C21: Sidi Kacem | D21: HOUAFATE | E21: 20-11 | F21: Travaux de réhabilitation des équipements | G21: Travaux de réhabilitation des canaux portés d'irrigation | H21: Fourniture et de pose de canaux porté et accessoires du réseau S3 du secteur S13 | I21: 397934 | J21: ml | K21: 133 | M21: ='S07'!M21+L21 | N21: =IFERROR(M21/K21,0) | O21: ='S07'!N21 | P21: =N21-O21 | U21: ='S07'!T21 | V21: =T21-U21 | W21: =N21-T21
B22: 18 | C22: Sidi Kacem | D22: HOUAFATE | E22: 20-11 | F22: Travaux de réhabilitation des équipements | H22: Fourniture et de pose de canaux porté et accessoires du réseau T2S1 du secteur S13 | I22: 207575 | J22: ml | K22: 69 | M22: ='S07'!M22+L22 | N22: =IFERROR(M22/K22,0) | O22: ='S07'!N22 | P22: =N22-O22 | U22: ='S07'!T22 | V22: =T22-U22 | W22: =N22-T22
B23: 19 | C23: Sidi Kacem | D23: HOUAFATE | E23: 40-21 | F23: Travaux de pistes | G23: Entretien des pistes agricoles | H23: Entretien des pistes agricoles | I23: 2200000 | J23: km | K23: 4 | M23: ='S07'!M23+L23 | N23: =IFERROR(M23/K23,0) | O23: ='S07'!N23 | P23: =N23-O23 | U23: ='S07'!T23 | V23: =T23-U23 | W23: =N23-T23
B24: 20 | C24: Sidi Kacem | D24: HOUAFATE | E24: 50-23 | F24: Entretien et réparation du réseau d'assainissement et de drainage | G24: Curage des prises sur l’oued, bâche d’aspiration et bassin de régulation. | H24: Curage des prises sur l’oued de la station de pompage S17 et S13. Nettoyage des grilles de préfiltration des boues colmaté de la station de pompage S17 et S13. Curage de la bâche d’aspiration de la station S17 et S13. | I24: 300000 | J24: ml | K24: 100 | M24: ='S07'!M24+L24 | N24: =IFERROR(M24/K24,0) | O24: ='S07'!N24 | P24: =N24-O24 | U24: ='S07'!T24 | V24: =T24-U24 | W24: =N24-T24
B25: 21 | C25: Sidi Kacem | D25: HOUAFATE | E25: 50-21 | F25: Entretien et réparation des stations de pompage | G25: Prestation de maintenance des débitmètres et leurs équipements annexes installés au niveau des station de pompage | H25: Changement trois débitmètre Ø 600mm inondés de la station de pompage S13. | I25: 250000 | J25: U | K25: 3 | M25: ='S07'!M25+L25 | N25: =IFERROR(M25/K25,0) | O25: ='S07'!N25 | P25: =N25-O25 | U25: ='S07'!T25 | V25: =T25-U25 | W25: =N25-T25
B26: 22 | C26: Sidi Kacem | D26: HOUAFATE | E26: 50-21 | F26: Entretien et réparation des stations de pompage | G26: Prestations de maintenance des moteurs électriques des stations de pompage. | H26: Révision des trois moteurs électriques 200 KW principaux de la station S13. Révision des deux moteurs électriques 5,5 KW groupes vide de la station S13. | I26: 25000 | J26: U | K26: 3 | M26: ='S07'!M26+L26 | N26: =IFERROR(M26/K26,0) | O26: ='S07'!N26 | P26: =N26-O26 | U26: ='S07'!T26 | V26: =T26-U26 | W26: =N26-T26
